event_id,stock_id,product_id,event_type,quantity,timestamp,expiry_date,classification,proteins_100g,carbs_100g,calories_100g,product_name,category,nutriscore,days_to_expiry,is_at_risk
638b36b2-6,806bd70b,24964,IN,2,2025-09-01 11:38:00,2025-09-08,Purchase,0.0,33.3,167.0,Organic Garlic,4,C,6,False
4a2b40a8-4,5b771af9,5876,IN,2,2025-09-01 11:38:00,2025-09-08,Purchase,0.0,6.67,300.0,Organic Lemon,4,D,6,False
eea30ddf-0,c924a082,21616,IN,4,2025-09-01 11:38:00,2025-09-08,Purchase,2.82,3.52,25.0,Organic Baby Arugula,4,A,6,False
b73df73e-3,078d2fce,49683,IN,2,2025-09-01 11:38:00,2025-09-08,Purchase,0.5,6.79,34.0,Cucumber Kirby,4,A,6,False
d6b38867-e,4ea00013,30391,IN,4,2025-09-01 11:38:00,2025-09-08,Purchase,0.5,6.79,34.0,Organic Cucumber,4,A,6,False
8561c98f-4,600dfb0a,46979,IN,3,2025-09-01 16:27:00,2025-09-08,Purchase,2.35,3.53,18.0,Asparagus,4,A,6,False
54b7b17c-b,7df6ace5,42265,IN,2,2025-09-01 16:27:00,2025-09-08,Purchase,1.18,8.24,35.0,Organic Baby Carrots,4,A,6,False
fb335d30-4,66237693,24852,IN,4,2025-09-01 16:27:00,2025-09-08,Purchase,12.5,40.6,312.0,Banana,4,D,6,False
25ac0ab0-5,aa59428f,39275,IN,1,2025-09-01 16:27:00,2025-09-08,Purchase,0.71,12.1,57.0,Organic Blueberries,4,B,6,False
d5a9759c-6,806bd70b,24964,OUT,1,2025-09-01 20:23:00,2025-09-08,Consumption,0.0,33.3,167.0,Organic Garlic,4,C,6,False
d588e8d9-f,806bd70b,24964,OUT,1,2025-09-01 12:13:00,2025-09-08,Consumption,0.0,33.3,167.0,Organic Garlic,4,C,6,False
1aad8e14-b,5b771af9,5876,OUT,1,2025-09-01 20:33:00,2025-09-08,Consumption,0.0,6.67,300.0,Organic Lemon,4,D,6,False
0d7ef7d6-8,eef47e9c,21616,IN,4,2025-09-02 09:44:00,2025-09-09,Purchase,2.82,3.52,25.0,Organic Baby Arugula,4,A,6,False
eb27fd37-9,6d2d3e4e,17794,IN,4,2025-09-02 09:44:00,2025-09-09,Purchase,1.28,8.97,38.0,Carrots,4,A,6,False
22bc6bdf-a,943b290a,41950,IN,1,2025-09-02 09:44:00,2025-09-09,Purchase,2.98,5.06,28.0,Organic Tomato Cluster,4,A,6,False
51dadba9-4,084f0bb6,47209,IN,3,2025-09-02 10:31:00,2025-09-09,Purchase,1.81,8.32,0.0,Organic Hass Avocado,4,Falta Dato,6,False
6800db8d-7,5f157187,43352,IN,4,2025-09-02 10:31:00,2025-09-09,Purchase,1.43,12.1,50.0,Raspberries,4,B,6,False
3fe32a97-3,b6a1e385,39275,IN,1,2025-09-02 13:36:00,2025-09-09,Purchase,0.71,12.1,57.0,Organic Blueberries,4,B,6,False
57f17ee5-1,018dccbb,21903,IN,3,2025-09-02 13:36:00,2025-09-09,Purchase,2.68,3.36,23.0,Organic Baby Spinach,4,A,6,False
0a7fed52-d,565da5c6,27845,IN,4,2025-09-02 13:36:00,2025-09-12,Purchase,3.39,5.08,62.0,Organic Whole Milk,16,B,9,False
4cf05b00-4,8b5f5c56,28985,IN,3,2025-09-02 17:06:00,2025-09-09,Purchase,2.92,4.42,35.0,Michigan Organic Kale,4,A,6,False
8c245c7e-4,9ebf68d4,30391,IN,2,2025-09-02 17:06:00,2025-09-09,Purchase,0.5,6.79,34.0,Organic Cucumber,4,A,6,False
18db48d9-3,12e624dc,27086,IN,2,2025-09-02 17:06:00,2025-09-12,Purchase,3.13,4.3,131.0,Half & Half,16,B,9,False
9a6f0a30-5,5cd2ac50,8518,IN,4,2025-09-02 17:06:00,2025-09-09,Purchase,0.68,6.76,30.0,Organic Red Onion,4,A,6,False
bac44bc4-9,5b771af9,5876,OUT,1,2025-09-02 14:34:00,2025-09-08,Consumption,0.0,6.67,300.0,Organic Lemon,4,D,5,False
e05c8346-8,c924a082,21616,OUT,1,2025-09-02 19:31:00,2025-09-08,Consumption,2.82,3.52,25.0,Organic Baby Arugula,4,A,5,False
3074cedf-0,a903e01f,17794,IN,2,2025-09-03 06:45:00,2025-09-10,Purchase,1.28,8.97,38.0,Carrots,4,A,6,False
e2bfafa1-9,5abc518f,43352,IN,4,2025-09-03 06:45:00,2025-09-10,Purchase,1.43,12.1,50.0,Raspberries,4,B,6,False
f3eac39b-e,a317abc6,31717,IN,4,2025-09-03 06:45:00,2025-09-10,Purchase,0.0,0.0,0.0,Organic Cilantro,4,A,6,False
fabdabe0-0,1f416c1d,47626,IN,3,2025-09-03 06:45:00,2025-09-10,Purchase,10.7,2.36,55.0,Large Lemon,4,B,6,False
5f91abf6-5,2c0e16c5,44359,IN,1,2025-09-03 06:45:00,2025-09-10,Purchase,7.43,76.25,392.0,Organic Small Bunch Celery,4,D,6,False
b052bf9e-0,cc0081b0,27086,IN,4,2025-09-03 06:45:00,2025-09-13,Purchase,3.13,4.3,131.0,Half & Half,16,B,9,False
a4b8ee36-a,ecd9f204,39877,IN,2,2025-09-03 13:44:00,2025-09-10,Purchase,0.266,14.1,0.0,Organic Granny Smith Apple,4,Falta Dato,6,False
03e91a14-e,0a6a71ed,16797,IN,4,2025-09-03 13:44:00,2025-09-10,Purchase,0.71,9.29,36.0,Strawberries,4,A,6,False
ca5442bf-4,c924a082,21616,OUT,1,2025-09-03 13:25:00,2025-09-08,Consumption,2.82,3.52,25.0,Organic Baby Arugula,4,A,4,False
b7f0a797-8,c924a082,21616,OUT,1,2025-09-03 17:05:00,2025-09-08,Consumption,2.82,3.52,25.0,Organic Baby Arugula,4,A,4,False
50e04fb5-3,c924a082,21616,OUT,1,2025-09-03 20:00:00,2025-09-08,Consumption,2.82,3.52,25.0,Organic Baby Arugula,4,A,4,False
28d73d27-e,a3141f4b,44359,IN,1,2025-09-04 09:09:00,2025-09-11,Purchase,7.43,76.25,392.0,Organic Small Bunch Celery,4,D,6,False
cfedb02b-b,52b1a756,30391,IN,1,2025-09-04 09:09:00,2025-09-11,Purchase,0.5,6.79,34.0,Organic Cucumber,4,A,6,False
52e2d5e6-b,8ad1f07d,37646,IN,1,2025-09-04 09:09:00,2025-09-11,Purchase,0.32,14.3,52.0,Organic Gala Apples,4,B,6,False
1e703b2c-e,d38c36a2,9076,IN,4,2025-09-04 09:09:00,2025-09-18,Purchase,0.71,12.1,57.0,Blueberries,1,B,13,False
b9ffcdd6-0,2459988b,22035,IN,2,2025-09-04 11:52:00,2025-09-14,Purchase,1.45,6.25,50.0,Organic Whole String Cheese,16,B,9,False
aeabee3a-4,a14a2fbf,46979,IN,2,2025-09-04 11:52:00,2025-09-11,Purchase,2.35,3.53,18.0,Asparagus,4,A,6,False
a779f4c2-5,38f31d48,42265,IN,4,2025-09-04 14:58:00,2025-09-11,Purchase,1.18,8.24,35.0,Organic Baby Carrots,4,A,6,False
3e6d37d9-9,8d247b44,26604,IN,1,2025-09-04 14:58:00,2025-09-11,Purchase,1.47,15.4,59.0,Organic Blackberries,4,B,6,False
60a5d1da-3,c02a6247,43352,IN,1,2025-09-04 14:58:00,2025-09-11,Purchase,1.43,12.1,50.0,Raspberries,4,B,6,False
3426a245-b,4b351e5c,39877,IN,3,2025-09-04 18:16:00,2025-09-11,Purchase,0.266,14.1,0.0,Organic Granny Smith Apple,4,Falta Dato,6,False
6c298ca8-c,525fd044,5876,IN,2,2025-09-04 18:16:00,2025-09-11,Purchase,0.0,6.67,300.0,Organic Lemon,4,D,6,False
f2a9fed8-1,0c7fd4c5,43352,IN,4,2025-09-04 18:16:00,2025-09-11,Purchase,1.43,12.1,50.0,Raspberries,4,B,6,False
5fc3726b-7,77b66302,44359,IN,1,2025-09-04 18:16:00,2025-09-11,Purchase,7.43,76.25,392.0,Organic Small Bunch Celery,4,D,6,False
fd9fb5f0-f,2777b702,16797,IN,1,2025-09-04 18:16:00,2025-09-11,Purchase,0.71,9.29,36.0,Strawberries,4,A,6,False
2959788e-6,078d2fce,49683,OUT,1,2025-09-04 14:24:00,2025-09-08,Consumption,0.5,6.79,34.0,Cucumber Kirby,4,A,3,True
1d97e402-2,078d2fce,49683,OUT,1,2025-09-04 17:18:00,2025-09-08,Consumption,0.5,6.79,34.0,Cucumber Kirby,4,A,3,True
cddfe56d-d,f681fb36,21137,IN,4,2025-09-05 10:53:00,2025-09-12,Purchase,0.71,9.29,36.0,Organic Strawberries,4,A,6,False
bc17135c-7,c835fb8e,47626,IN,1,2025-09-05 10:53:00,2025-09-12,Purchase,10.7,2.36,55.0,Large Lemon,4,B,6,False
7cb07b96-a,40676801,17794,IN,2,2025-09-05 10:53:00,2025-09-12,Purchase,1.28,8.97,38.0,Carrots,4,A,6,False
17ec89da-f,4ea00013,30391,OUT,1,2025-09-05 18:42:00,2025-09-08,Consumption,0.5,6.79,34.0,Organic Cucumber,4,A,2,True
ffbc06f0-c,4ea00013,30391,OUT,1,2025-09-05 15:58:00,2025-09-08,Consumption,0.5,6.79,34.0,Organic Cucumber,4,A,2,True
844a88f8-2,085a1951,47626,IN,1,2025-09-06 17:50:00,2025-09-13,Purchase,10.7,2.36,55.0,Large Lemon,4,B,6,False
4a2c2ecb-f,0ada4f5b,44359,IN,3,2025-09-06 17:50:00,2025-09-13,Purchase,7.43,76.25,392.0,Organic Small Bunch Celery,4,D,6,False
5e457e7a-f,1650d80a,43352,IN,2,2025-09-06 17:50:00,2025-09-13,Purchase,1.43,12.1,50.0,Raspberries,4,B,6,False
5a11c883-b,38838450,40706,IN,3,2025-09-06 17:50:00,2025-09-13,Purchase,1.19,7.14,36.0,Organic Grape Tomatoes,4,A,6,False
0b78058a-3,fbcea227,47209,IN,3,2025-09-06 17:50:00,2025-09-13,Purchase,1.81,8.32,0.0,Organic Hass Avocado,4,Falta Dato,6,False
8d4b5074-2,4ea00013,30391,OUT,1,2025-09-06 17:07:00,2025-09-08,Consumption,0.5,6.79,34.0,Organic Cucumber,4,A,1,True
5b21c7c6-4,4ea00013,30391,OUT,1,2025-09-06 16:00:00,2025-09-08,Consumption,0.5,6.79,34.0,Organic Cucumber,4,A,1,True
b7d7fd2a-9,600dfb0a,46979,OUT,1,2025-09-06 20:09:00,2025-09-08,Consumption,2.35,3.53,18.0,Asparagus,4,A,1,True
a0a42a20-c,de74c04e,44632,IN,1,2025-09-07 18:48:00,2025-10-07,Purchase,0.0,0.0,0.0,Sparkling Water Grapefruit,7,A,29,False
3b5db900-5,4579707c,27966,IN,4,2025-09-07 18:48:00,2025-09-14,Purchase,1.43,12.1,50.0,Organic Raspberries,4,B,6,False
bf44278b-0,943127b2,43352,IN,2,2025-09-07 18:48:00,2025-09-14,Purchase,1.43,12.1,50.0,Raspberries,4,B,6,False
5e8746cb-1,600dfb0a,46979,OUT,1,2025-09-07 12:24:00,2025-09-08,Consumption,2.35,3.53,18.0,Asparagus,4,A,0,True
9e5fd981-3,600dfb0a,46979,OUT,1,2025-09-07 14:25:00,2025-09-08,Consumption,2.35,3.53,18.0,Asparagus,4,A,0,True
1be6dc02-d,7df6ace5,42265,OUT,1,2025-09-07 12:51:00,2025-09-08,Consumption,1.18,8.24,35.0,Organic Baby Carrots,4,A,0,True
abd8b8e5-7,7df6ace5,42265,OUT,1,2025-09-07 19:15:00,2025-09-08,Consumption,1.18,8.24,35.0,Organic Baby Carrots,4,A,0,True
be9c31b9-6,39e9effe,45007,IN,4,2025-09-08 08:39:00,2025-09-15,Purchase,1.05,4.21,21.0,Organic Zucchini,4,A,6,False
f53cd3fd-f,94b97774,47209,IN,4,2025-09-08 08:39:00,2025-09-15,Purchase,1.81,8.32,0.0,Organic Hass Avocado,4,Falta Dato,6,False
89494686-3,ae278451,27104,IN,3,2025-09-08 08:39:00,2025-09-15,Purchase,1.94,5.01,52.0,Fresh Cauliflower,4,B,6,False
aafe3018-4,8bd8b3bb,16797,IN,1,2025-09-08 08:39:00,2025-09-15,Purchase,0.71,9.29,36.0,Strawberries,4,A,6,False
9cd39f72-c,6e3820cf,5077,IN,3,2025-09-08 08:39:00,2025-09-22,Purchase,11.6,48.8,256.0,100% Whole Wheat Bread,3,C,13,False
0f076bd8-d,68c2f0a8,27966,IN,4,2025-09-08 08:39:00,2025-09-15,Purchase,1.43,12.1,50.0,Organic Raspberries,4,B,6,False
d6cf50b0-1,6be7060f,9076,IN,4,2025-09-08 18:17:00,2025-09-22,Purchase,0.71,12.1,57.0,Blueberries,1,B,13,False
2b12d00d-c,7c188589,17794,IN,1,2025-09-08 18:17:00,2025-09-15,Purchase,1.28,8.97,38.0,Carrots,4,A,6,False
0f126ccf-e,0695154d,16797,IN,4,2025-09-08 18:17:00,2025-09-15,Purchase,0.71,9.29,36.0,Strawberries,4,A,6,False
99aaeabd-d,f753674c,47209,IN,2,2025-09-08 18:17:00,2025-09-15,Purchase,1.81,8.32,0.0,Organic Hass Avocado,4,Falta Dato,6,False
e11405fb-e,4ac1ea44,24852,IN,1,2025-09-08 18:17:00,2025-09-15,Purchase,12.5,40.6,312.0,Banana,4,D,6,False
8c70e499-2,ebfde292,27966,IN,3,2025-09-08 18:17:00,2025-09-15,Purchase,1.43,12.1,50.0,Organic Raspberries,4,B,6,False
f03bbf39-0,66237693,24852,OUT,1,2025-09-08 20:20:00,2025-09-08,Waste,12.5,40.6,312.0,Banana,4,D,-1,True
bd3fb8e8-3,66237693,24852,OUT,1,2025-09-08 17:42:00,2025-09-08,Waste,12.5,40.6,312.0,Banana,4,D,-1,True
c1b2dea8-2,66237693,24852,OUT,1,2025-09-08 20:42:00,2025-09-08,Waste,12.5,40.6,312.0,Banana,4,D,-1,True
849a2e6b-2,679f96c8,28985,IN,2,2025-09-09 11:46:00,2025-09-16,Purchase,2.92,4.42,35.0,Michigan Organic Kale,4,A,6,False
3a739f78-f,44f1bfec,45066,IN,1,2025-09-09 11:46:00,2025-09-16,Purchase,0.0,3.81,2.0,Honeycrisp Apple,4,A,6,False
c7b588ad-2,adaa6797,42265,IN,2,2025-09-09 11:46:00,2025-09-16,Purchase,1.18,8.24,35.0,Organic Baby Carrots,4,A,6,False
f5ee9d15-6,f933b2dd,24964,IN,3,2025-09-09 11:46:00,2025-09-16,Purchase,0.0,33.3,167.0,Organic Garlic,4,C,6,False
ee85a9a4-0,81343273,37646,IN,4,2025-09-09 11:46:00,2025-09-16,Purchase,0.32,14.3,52.0,Organic Gala Apples,4,B,6,False
2a21b5a1-c,6f952e49,49235,IN,2,2025-09-09 15:21:00,2025-09-19,Purchase,3.13,4.3,131.0,Organic Half & Half,16,B,9,False
e57563f6-e,2c1d4f2f,28985,IN,2,2025-09-09 15:21:00,2025-09-16,Purchase,2.92,4.42,35.0,Michigan Organic Kale,4,A,6,False
8e95f89f-b,078ff09a,13176,IN,4,2025-09-09 15:21:00,2025-09-16,Purchase,3.89,88.3,346.0,Bag of Organic Bananas,4,D,6,False
bcf9b0c2-9,6eb8caef,41950,IN,2,2025-09-09 15:21:00,2025-09-16,Purchase,2.98,5.06,28.0,Organic Tomato Cluster,4,A,6,False
89b13875-6,4a1395fe,37646,IN,3,2025-09-09 15:21:00,2025-09-16,Purchase,0.32,14.3,52.0,Organic Gala Apples,4,B,6,False
e0a39b76-e,66237693,24852,OUT,1,2025-09-09 18:24:00,2025-09-08,Waste,12.5,40.6,312.0,Banana,4,D,-2,True
988b2ee1-7,aa59428f,39275,OUT,1,2025-09-09 19:52:00,2025-09-08,Waste,0.71,12.1,57.0,Organic Blueberries,4,B,-2,True
15f56346-e,a10ac427,30489,IN,3,2025-09-10 09:24:00,2025-09-24,Purchase,7.14,14.3,214.0,Original Hummus,20,C,13,False
99ff2c91-f,10b2838b,45007,IN,1,2025-09-10 09:24:00,2025-09-17,Purchase,1.05,4.21,21.0,Organic Zucchini,4,A,6,False
29366bc1-4,06720189,39877,IN,4,2025-09-10 14:36:00,2025-09-17,Purchase,0.266,14.1,0.0,Organic Granny Smith Apple,4,Falta Dato,6,False
db68dfd1-3,d7c18ec1,22935,IN,1,2025-09-10 14:36:00,2025-09-17,Purchase,0.68,7.43,30.0,Organic Yellow Onion,4,A,6,False
76ed966b-2,fba9e4c2,17794,IN,1,2025-09-10 15:00:00,2025-09-17,Purchase,1.28,8.97,38.0,Carrots,4,A,6,False
e254c6a8-b,f6ce8677,13176,IN,2,2025-09-10 15:00:00,2025-09-17,Purchase,3.89,88.3,346.0,Bag of Organic Bananas,4,D,6,False
91208020-4,69a09cb5,27966,IN,4,2025-09-10 15:00:00,2025-09-17,Purchase,1.43,12.1,50.0,Organic Raspberries,4,B,6,False
f37668e6-7,9f39fe97,30489,IN,2,2025-09-10 15:00:00,2025-09-24,Purchase,7.14,14.3,214.0,Original Hummus,20,C,13,False
e24fc5ad-4,e166be86,47209,IN,1,2025-09-10 15:00:00,2025-09-17,Purchase,1.81,8.32,0.0,Organic Hass Avocado,4,Falta Dato,6,False
700b8b7b-0,aeacd496,31717,IN,1,2025-09-10 15:00:00,2025-09-17,Purchase,0.0,0.0,0.0,Organic Cilantro,4,A,6,False
5d111ec5-d,3f4f45f7,45007,IN,4,2025-09-10 16:49:00,2025-09-17,Purchase,1.05,4.21,21.0,Organic Zucchini,4,A,6,False
deb82e71-5,04180718,47766,IN,1,2025-09-10 16:49:00,2025-09-17,Purchase,1.9,7.36,427.0,Organic Avocado,4,D,6,False
fa8b5582-a,f70e75b3,27845,IN,2,2025-09-10 16:49:00,2025-09-20,Purchase,3.39,5.08,62.0,Organic Whole Milk,16,B,9,False
f2318d18-6,b9b5b7d0,30489,IN,2,2025-09-10 16:49:00,2025-09-24,Purchase,7.14,14.3,214.0,Original Hummus,20,C,13,False
50ffaa7a-c,583b8817,44632,IN,2,2025-09-10 16:49:00,2025-10-10,Purchase,0.0,0.0,0.0,Sparkling Water Grapefruit,7,A,29,False
8225e044-2,ef3f64a8,9076,IN,3,2025-09-10 16:49:00,2025-09-24,Purchase,0.71,12.1,57.0,Blueberries,1,B,13,False
c8a32793-8,eef47e9c,21616,OUT,1,2025-09-10 15:48:00,2025-09-09,Waste,2.82,3.52,25.0,Organic Baby Arugula,4,A,-2,True
8c522813-b,eef47e9c,21616,OUT,1,2025-09-10 17:56:00,2025-09-09,Waste,2.82,3.52,25.0,Organic Baby Arugula,4,A,-2,True
cc687421-5,9899704c,27104,IN,4,2025-09-11 12:01:00,2025-09-18,Purchase,1.94,5.01,52.0,Fresh Cauliflower,4,B,6,False
4c1448c1-0,465abe66,47626,IN,2,2025-09-11 12:01:00,2025-09-18,Purchase,10.7,2.36,55.0,Large Lemon,4,B,6,False
9f5a5591-5,0fa1d68b,37646,IN,3,2025-09-11 14:39:00,2025-09-18,Purchase,0.32,14.3,52.0,Organic Gala Apples,4,B,6,False
ecc85e6d-c,75b29dd6,8518,IN,3,2025-09-11 14:39:00,2025-09-18,Purchase,0.68,6.76,30.0,Organic Red Onion,4,A,6,False
df93e4c1-e,2ab887d6,42265,IN,1,2025-09-11 14:39:00,2025-09-18,Purchase,1.18,8.24,35.0,Organic Baby Carrots,4,A,6,False
f665d758-4,b4e81c9b,31717,IN,2,2025-09-11 14:39:00,2025-09-18,Purchase,0.0,0.0,0.0,Organic Cilantro,4,A,6,False
09d67edb-b,2994e24b,35951,IN,2,2025-09-11 14:39:00,2025-09-21,Purchase,0.55,0.34,15.0,Organic Unsweetened Almond Milk,16,A,9,False
44bc6c21-d,5c6f0492,9076,IN,2,2025-09-11 14:39:00,2025-09-25,Purchase,0.71,12.1,57.0,Blueberries,1,B,13,False
bf9cd54f-9,f402da08,47626,IN,3,2025-09-11 15:19:00,2025-09-18,Purchase,10.7,2.36,55.0,Large Lemon,4,B,6,False
cd56ec2d-4,c7ce5c1b,42265,IN,1,2025-09-11 15:19:00,2025-09-18,Purchase,1.18,8.24,35.0,Organic Baby Carrots,4,A,6,False
a2b87602-1,6d51e449,4920,IN,1,2025-09-11 15:19:00,2025-09-18,Purchase,1.18,17.6,71.0,Seedless Red Grapes,4,B,6,False
e854463f-4,9580eb1c,10749,IN,1,2025-09-11 15:19:00,2025-09-18,Purchase,0.896,6.65,0.0,Organic Red Bell Pepper,4,Falta Dato,6,False
67462d71-4,01b17fcd,21137,IN,2,2025-09-11 15:19:00,2025-09-18,Purchase,0.71,9.29,36.0,Organic Strawberries,4,A,6,False
4f61a703-b,01faeca8,16797,IN,1,2025-09-11 17:32:00,2025-09-18,Purchase,0.71,9.29,36.0,Strawberries,4,A,6,False
1b4bb2a0-e,c61dcc53,21137,IN,3,2025-09-11 17:32:00,2025-09-18,Purchase,0.71,9.29,36.0,Organic Strawberries,4,A,6,False
2200bebb-f,de2e7cb0,30489,IN,2,2025-09-11 17:32:00,2025-09-25,Purchase,7.14,14.3,214.0,Original Hummus,20,C,13,False
63c987f7-a,eef47e9c,21616,OUT,1,2025-09-11 17:58:00,2025-09-09,Waste,2.82,3.52,25.0,Organic Baby Arugula,4,A,-3,True
cc06f4a8-9,eef47e9c,21616,OUT,1,2025-09-11 18:20:00,2025-09-09,Waste,2.82,3.52,25.0,Organic Baby Arugula,4,A,-3,True
b15f15b6-2,6d2d3e4e,17794,OUT,1,2025-09-11 20:08:00,2025-09-09,Waste,1.28,8.97,38.0,Carrots,4,A,-3,True
badc092f-8,4fec4f05,49235,IN,1,2025-09-12 16:28:00,2025-09-22,Purchase,3.13,4.3,131.0,Organic Half & Half,16,B,9,False
d1e88434-e,8805ac52,39877,IN,4,2025-09-12 16:28:00,2025-09-19,Purchase,0.266,14.1,0.0,Organic Granny Smith Apple,4,Falta Dato,6,False
5f3993b4-1,983fc001,27104,IN,1,2025-09-12 16:28:00,2025-09-19,Purchase,1.94,5.01,52.0,Fresh Cauliflower,4,B,6,False
693979c6-0,1c356658,24964,IN,1,2025-09-12 16:28:00,2025-09-19,Purchase,0.0,33.3,167.0,Organic Garlic,4,C,6,False
b4d1a2c9-2,d6600e5a,22935,IN,3,2025-09-12 16:28:00,2025-09-19,Purchase,0.68,7.43,30.0,Organic Yellow Onion,4,A,6,False
4d0ef5b0-3,4ac357d3,35951,IN,2,2025-09-12 16:28:00,2025-09-22,Purchase,0.55,0.34,15.0,Organic Unsweetened Almond Milk,16,A,9,False
99267b78-8,6d2d3e4e,17794,OUT,1,2025-09-12 14:58:00,2025-09-09,Waste,1.28,8.97,38.0,Carrots,4,A,-4,True
aa31e4ac-0,6d2d3e4e,17794,OUT,1,2025-09-12 12:04:00,2025-09-09,Waste,1.28,8.97,38.0,Carrots,4,A,-4,True
60554a9e-3,6d2d3e4e,17794,OUT,1,2025-09-12 15:39:00,2025-09-09,Waste,1.28,8.97,38.0,Carrots,4,A,-4,True
9de2be95-a,943b290a,41950,OUT,1,2025-09-12 23:59:59,2025-09-09,Forced_Waste,2.98,5.06,28.0,Organic Tomato Cluster,4,A,-4,True
27ca7d14-e,084f0bb6,47209,OUT,3,2025-09-12 23:59:59,2025-09-09,Forced_Waste,1.81,8.32,0.0,Organic Hass Avocado,4,Falta Dato,-4,True
b3c8c4c7-a,5f157187,43352,OUT,4,2025-09-12 23:59:59,2025-09-09,Forced_Waste,1.43,12.1,50.0,Raspberries,4,B,-4,True
da5f647d-1,b6a1e385,39275,OUT,1,2025-09-12 23:59:59,2025-09-09,Forced_Waste,0.71,12.1,57.0,Organic Blueberries,4,B,-4,True
9b68f2a7-d,018dccbb,21903,OUT,3,2025-09-12 23:59:59,2025-09-09,Forced_Waste,2.68,3.36,23.0,Organic Baby Spinach,4,A,-4,True
5ab50f31-2,8b5f5c56,28985,OUT,3,2025-09-12 23:59:59,2025-09-09,Forced_Waste,2.92,4.42,35.0,Michigan Organic Kale,4,A,-4,True
35e8196c-3,9ebf68d4,30391,OUT,2,2025-09-12 23:59:59,2025-09-09,Forced_Waste,0.5,6.79,34.0,Organic Cucumber,4,A,-4,True
0153134f-3,5cd2ac50,8518,OUT,4,2025-09-12 23:59:59,2025-09-09,Forced_Waste,0.68,6.76,30.0,Organic Red Onion,4,A,-4,True
87b60af6-1,fb482dea,5876,IN,4,2025-09-13 16:04:00,2025-09-20,Purchase,0.0,6.67,300.0,Organic Lemon,4,D,6,False
fea8e1ad-9,8c252cfb,13176,IN,3,2025-09-13 16:04:00,2025-09-20,Purchase,3.89,88.3,346.0,Bag of Organic Bananas,4,D,6,False
d3f66549-8,8333db0c,35951,IN,1,2025-09-13 16:04:00,2025-09-23,Purchase,0.55,0.34,15.0,Organic Unsweetened Almond Milk,16,A,9,False
15ddbf77-8,05faf749,34126,IN,4,2025-09-13 16:04:00,2025-09-20,Purchase,7.43,76.25,392.0,Organic Italian Parsley Bunch,4,D,6,False
50a35316-4,484cb675,47766,IN,3,2025-09-13 16:04:00,2025-09-20,Purchase,1.9,7.36,427.0,Organic Avocado,4,D,6,False
9154cb49-a,a903e01f,17794,OUT,1,2025-09-13 14:23:00,2025-09-10,Waste,1.28,8.97,38.0,Carrots,4,A,-4,True
123544f5-7,a903e01f,17794,OUT,1,2025-09-13 12:50:00,2025-09-10,Waste,1.28,8.97,38.0,Carrots,4,A,-4,True
933edc59-6,5abc518f,43352,OUT,4,2025-09-13 23:59:59,2025-09-10,Forced_Waste,1.43,12.1,50.0,Raspberries,4,B,-4,True
2445379a-2,a317abc6,31717,OUT,4,2025-09-13 23:59:59,2025-09-10,Forced_Waste,0.0,0.0,0.0,Organic Cilantro,4,A,-4,True
e9ee8d6a-0,1f416c1d,47626,OUT,3,2025-09-13 23:59:59,2025-09-10,Forced_Waste,10.7,2.36,55.0,Large Lemon,4,B,-4,True
ae31bb54-f,2c0e16c5,44359,OUT,1,2025-09-13 23:59:59,2025-09-10,Forced_Waste,7.43,76.25,392.0,Organic Small Bunch Celery,4,D,-4,True
b9e11342-1,ecd9f204,39877,OUT,2,2025-09-13 23:59:59,2025-09-10,Forced_Waste,0.266,14.1,0.0,Organic Granny Smith Apple,4,Falta Dato,-4,True
b0d5c27b-a,0a6a71ed,16797,OUT,4,2025-09-13 23:59:59,2025-09-10,Forced_Waste,0.71,9.29,36.0,Strawberries,4,A,-4,True
c8a83faf-c,2fee6069,26209,IN,4,2025-09-14 12:26:00,2025-09-21,Purchase,0.0,10.4,30.0,Limes,4,A,6,False
6e5b4efd-a,5c60e8e4,49235,IN,4,2025-09-14 12:26:00,2025-09-24,Purchase,3.13,4.3,131.0,Organic Half & Half,16,B,9,False
d617422a-1,a7de0ad4,5876,IN,4,2025-09-14 12:26:00,2025-09-21,Purchase,0.0,6.67,300.0,Organic Lemon,4,D,6,False
d24a8f01-8,1d90d95a,27845,IN,3,2025-09-14 12:26:00,2025-09-24,Purchase,3.39,5.08,62.0,Organic Whole Milk,16,B,9,False
8d1b5ff3-1,eef2ad5a,21903,IN,3,2025-09-14 16:03:00,2025-09-21,Purchase,2.68,3.36,23.0,Organic Baby Spinach,4,A,6,False
87639fba-6,051687fa,27845,IN,1,2025-09-14 16:03:00,2025-09-24,Purchase,3.39,5.08,62.0,Organic Whole Milk,16,B,9,False
4a432089-5,b0534282,45007,IN,4,2025-09-14 16:03:00,2025-09-21,Purchase,1.05,4.21,21.0,Organic Zucchini,4,A,6,False
aed8e14f-0,e8376d5c,43352,IN,3,2025-09-14 17:14:00,2025-09-21,Purchase,1.43,12.1,50.0,Raspberries,4,B,6,False
d4a1b5b5-c,98bd07f7,4605,IN,4,2025-09-14 17:14:00,2025-09-21,Purchase,0.68,7.43,30.0,Yellow Onions,4,A,6,False
2b3d7274-a,12503bfe,27086,IN,4,2025-09-14 17:14:00,2025-09-24,Purchase,3.13,4.3,131.0,Half & Half,16,B,9,False
4533086f-d,d535e8b4,26209,IN,4,2025-09-14 17:14:00,2025-09-21,Purchase,0.0,10.4,30.0,Limes,4,A,6,False
93a57744-9,9d3784de,30489,IN,4,2025-09-14 17:14:00,2025-09-28,Purchase,7.14,14.3,214.0,Original Hummus,20,C,13,False
b06700de-a,708ad922,22035,IN,4,2025-09-14 17:14:00,2025-09-24,Purchase,1.45,6.25,50.0,Organic Whole String Cheese,16,B,9,False
496a3548-6,6b7d118f,43352,IN,4,2025-09-14 18:55:00,2025-09-21,Purchase,1.43,12.1,50.0,Raspberries,4,B,6,False
ee47a3d5-5,70e3d047,27966,IN,3,2025-09-14 18:55:00,2025-09-21,Purchase,1.43,12.1,50.0,Organic Raspberries,4,B,6,False
8167c08a-7,8a70da84,47626,IN,2,2025-09-14 18:55:00,2025-09-21,Purchase,10.7,2.36,55.0,Large Lemon,4,B,6,False
e686e985-f,a3141f4b,44359,OUT,1,2025-09-14 18:08:00,2025-09-11,Waste,7.43,76.25,392.0,Organic Small Bunch Celery,4,D,-4,True
75f43260-3,52b1a756,30391,OUT,1,2025-09-14 12:26:00,2025-09-11,Waste,0.5,6.79,34.0,Organic Cucumber,4,A,-4,True
b60ee27d-6,8ad1f07d,37646,OUT,1,2025-09-14 15:01:00,2025-09-11,Waste,0.32,14.3,52.0,Organic Gala Apples,4,B,-4,True
7f7f2f07-a,a14a2fbf,46979,OUT,1,2025-09-14 17:04:00,2025-09-11,Waste,2.35,3.53,18.0,Asparagus,4,A,-4,True
bc0a1c5a-9,a14a2fbf,46979,OUT,1,2025-09-14 23:59:59,2025-09-11,Forced_Waste,2.35,3.53,18.0,Asparagus,4,A,-4,True
e99f7cec-b,38f31d48,42265,OUT,4,2025-09-14 23:59:59,2025-09-11,Forced_Waste,1.18,8.24,35.0,Organic Baby Carrots,4,A,-4,True
2f2d6300-5,8d247b44,26604,OUT,1,2025-09-14 23:59:59,2025-09-11,Forced_Waste,1.47,15.4,59.0,Organic Blackberries,4,B,-4,True
6fc814d4-c,c02a6247,43352,OUT,1,2025-09-14 23:59:59,2025-09-11,Forced_Waste,1.43,12.1,50.0,Raspberries,4,B,-4,True
6a738c47-f,4b351e5c,39877,OUT,3,2025-09-14 23:59:59,2025-09-11,Forced_Waste,0.266,14.1,0.0,Organic Granny Smith Apple,4,Falta Dato,-4,True
1b4d1908-1,525fd044,5876,OUT,2,2025-09-14 23:59:59,2025-09-11,Forced_Waste,0.0,6.67,300.0,Organic Lemon,4,D,-4,True
eb5cf69f-4,0c7fd4c5,43352,OUT,4,2025-09-14 23:59:59,2025-09-11,Forced_Waste,1.43,12.1,50.0,Raspberries,4,B,-4,True
d6baeb0d-a,77b66302,44359,OUT,1,2025-09-14 23:59:59,2025-09-11,Forced_Waste,7.43,76.25,392.0,Organic Small Bunch Celery,4,D,-4,True
d8ae5d3c-2,2777b702,16797,OUT,1,2025-09-14 23:59:59,2025-09-11,Forced_Waste,0.71,9.29,36.0,Strawberries,4,A,-4,True
24924e5f-1,28d8c467,41950,IN,4,2025-09-15 13:59:00,2025-09-22,Purchase,2.98,5.06,28.0,Organic Tomato Cluster,4,A,6,False
ba997eb1-6,594b63c1,28985,IN,2,2025-09-15 13:59:00,2025-09-22,Purchase,2.92,4.42,35.0,Michigan Organic Kale,4,A,6,False
e9c9e1c4-5,2433bb6a,31717,IN,4,2025-09-15 13:59:00,2025-09-22,Purchase,0.0,0.0,0.0,Organic Cilantro,4,A,6,False
2ce5cd0b-3,939ad0ad,30391,IN,2,2025-09-15 13:59:00,2025-09-22,Purchase,0.5,6.79,34.0,Organic Cucumber,4,A,6,False
bbdb6e25-7,f681fb36,21137,OUT,1,2025-09-15 16:27:00,2025-09-12,Waste,0.71,9.29,36.0,Organic Strawberries,4,A,-4,True
3a04a84b-2,f681fb36,21137,OUT,1,2025-09-15 14:34:00,2025-09-12,Waste,0.71,9.29,36.0,Organic Strawberries,4,A,-4,True
d17809d6-e,f681fb36,21137,OUT,1,2025-09-15 13:28:00,2025-09-12,Waste,0.71,9.29,36.0,Organic Strawberries,4,A,-4,True
2c774700-7,f681fb36,21137,OUT,1,2025-09-15 23:59:59,2025-09-12,Forced_Waste,0.71,9.29,36.0,Organic Strawberries,4,A,-4,True
3338d0a8-f,c835fb8e,47626,OUT,1,2025-09-15 23:59:59,2025-09-12,Forced_Waste,10.7,2.36,55.0,Large Lemon,4,B,-4,True
3da23038-9,40676801,17794,OUT,2,2025-09-15 23:59:59,2025-09-12,Forced_Waste,1.28,8.97,38.0,Carrots,4,A,-4,True
33cb3b1b-7,565da5c6,27845,OUT,4,2025-09-15 23:59:59,2025-09-12,Forced_Waste,3.39,5.08,62.0,Organic Whole Milk,16,B,-4,True
b7ae5348-6,12e624dc,27086,OUT,2,2025-09-15 23:59:59,2025-09-12,Forced_Waste,3.13,4.3,131.0,Half & Half,16,B,-4,True
4c202f9b-7,76d1446f,28985,IN,4,2025-09-16 09:00:00,2025-09-23,Purchase,2.92,4.42,35.0,Michigan Organic Kale,4,A,6,False
7298b26c-5,4477360e,26209,IN,3,2025-09-16 09:00:00,2025-09-23,Purchase,0.0,10.4,30.0,Limes,4,A,6,False
c6c4c1d3-b,f3840b95,41950,IN,2,2025-09-16 09:00:00,2025-09-23,Purchase,2.98,5.06,28.0,Organic Tomato Cluster,4,A,6,False
a57e3bcc-c,471a81bb,37646,IN,4,2025-09-16 09:00:00,2025-09-23,Purchase,0.32,14.3,52.0,Organic Gala Apples,4,B,6,False
b65a2fd6-3,2a7eb111,42265,IN,3,2025-09-16 09:00:00,2025-09-23,Purchase,1.18,8.24,35.0,Organic Baby Carrots,4,A,6,False
69174095-5,a3c5aee3,47766,IN,3,2025-09-16 09:00:00,2025-09-23,Purchase,1.9,7.36,427.0,Organic Avocado,4,D,6,False
b2125fb2-2,cc0081b0,27086,OUT,1,2025-09-16 17:25:00,2025-09-13,Waste,3.13,4.3,131.0,Half & Half,16,B,-4,True
c8f5aa7b-b,cc0081b0,27086,OUT,1,2025-09-16 17:40:00,2025-09-13,Waste,3.13,4.3,131.0,Half & Half,16,B,-4,True
45e731ae-6,cc0081b0,27086,OUT,1,2025-09-16 16:10:00,2025-09-13,Waste,3.13,4.3,131.0,Half & Half,16,B,-4,True
beb02075-7,cc0081b0,27086,OUT,1,2025-09-16 17:33:00,2025-09-13,Waste,3.13,4.3,131.0,Half & Half,16,B,-4,True
1efbe453-4,085a1951,47626,OUT,1,2025-09-16 23:59:59,2025-09-13,Forced_Waste,10.7,2.36,55.0,Large Lemon,4,B,-4,True
f51ac60c-f,0ada4f5b,44359,OUT,3,2025-09-16 23:59:59,2025-09-13,Forced_Waste,7.43,76.25,392.0,Organic Small Bunch Celery,4,D,-4,True
79d81a87-5,1650d80a,43352,OUT,2,2025-09-16 23:59:59,2025-09-13,Forced_Waste,1.43,12.1,50.0,Raspberries,4,B,-4,True
c0202149-d,38838450,40706,OUT,3,2025-09-16 23:59:59,2025-09-13,Forced_Waste,1.19,7.14,36.0,Organic Grape Tomatoes,4,A,-4,True
90e82f9f-a,fbcea227,47209,OUT,3,2025-09-16 23:59:59,2025-09-13,Forced_Waste,1.81,8.32,0.0,Organic Hass Avocado,4,Falta Dato,-4,True
dc68e4f5-6,fbb48ad4,19660,IN,3,2025-09-17 13:06:00,2025-10-17,Purchase,0.0,0.0,0.0,Spring Water,7,A,29,False
54505683-d,1f608d44,4605,IN,3,2025-09-17 13:06:00,2025-09-24,Purchase,0.68,7.43,30.0,Yellow Onions,4,A,6,False
7e60d445-f,e0085ae4,21903,IN,3,2025-09-17 13:06:00,2025-09-24,Purchase,2.68,3.36,23.0,Organic Baby Spinach,4,A,6,False
462e3e52-8,24ce556b,41950,IN,1,2025-09-17 13:06:00,2025-09-24,Purchase,2.98,5.06,28.0,Organic Tomato Cluster,4,A,6,False
0cf28b8c-e,0ff47426,17794,IN,1,2025-09-17 13:06:00,2025-09-24,Purchase,1.28,8.97,38.0,Carrots,4,A,6,False
8e0f957b-d,fe3823a6,44632,IN,3,2025-09-17 13:06:00,2025-10-17,Purchase,0.0,0.0,0.0,Sparkling Water Grapefruit,7,A,29,False
d9db4314-3,cbf90801,22035,IN,1,2025-09-17 15:26:00,2025-09-27,Purchase,1.45,6.25,50.0,Organic Whole String Cheese,16,B,9,False
8a6bdc4b-3,25115124,27966,IN,4,2025-09-17 15:26:00,2025-09-24,Purchase,1.43,12.1,50.0,Organic Raspberries,4,B,6,False
9c443d88-6,3b4e56f8,43352,IN,3,2025-09-17 15:26:00,2025-09-24,Purchase,1.43,12.1,50.0,Raspberries,4,B,6,False
a4067a0d-0,955ff86b,22935,IN,1,2025-09-17 16:22:00,2025-09-24,Purchase,0.68,7.43,30.0,Organic Yellow Onion,4,A,6,False
db000f75-c,735166a7,17794,IN,1,2025-09-17 16:22:00,2025-09-24,Purchase,1.28,8.97,38.0,Carrots,4,A,6,False
b2d91959-8,bb48110b,10749,IN,3,2025-09-17 16:22:00,2025-09-24,Purchase,0.896,6.65,0.0,Organic Red Bell Pepper,4,Falta Dato,6,False
33c94378-8,3d13b09f,34126,IN,1,2025-09-17 16:22:00,2025-09-24,Purchase,7.43,76.25,392.0,Organic Italian Parsley Bunch,4,D,6,False
b93c9d0a-a,2459988b,22035,OUT,1,2025-09-17 15:30:00,2025-09-14,Waste,1.45,6.25,50.0,Organic Whole String Cheese,16,B,-4,True
5140fae1-3,2459988b,22035,OUT,1,2025-09-17 15:09:00,2025-09-14,Waste,1.45,6.25,50.0,Organic Whole String Cheese,16,B,-4,True
3ce2389c-f,4579707c,27966,OUT,1,2025-09-17 20:09:00,2025-09-14,Waste,1.43,12.1,50.0,Organic Raspberries,4,B,-4,True
929e04c4-a,4579707c,27966,OUT,3,2025-09-17 23:59:59,2025-09-14,Forced_Waste,1.43,12.1,50.0,Organic Raspberries,4,B,-4,True
5e567143-3,943127b2,43352,OUT,2,2025-09-17 23:59:59,2025-09-14,Forced_Waste,1.43,12.1,50.0,Raspberries,4,B,-4,True
1b922ec1-a,507e0ae8,13176,IN,1,2025-09-18 11:49:00,2025-09-25,Purchase,3.89,88.3,346.0,Bag of Organic Bananas,4,D,6,False
80cac03a-1,bf0d48b9,34126,IN,4,2025-09-18 11:49:00,2025-09-25,Purchase,7.43,76.25,392.0,Organic Italian Parsley Bunch,4,D,6,False
ba67c093-f,b8ff34a9,16797,IN,3,2025-09-18 11:49:00,2025-09-25,Purchase,0.71,9.29,36.0,Strawberries,4,A,6,False
4b2af6ee-3,ad4b2e08,41950,IN,1,2025-09-18 11:49:00,2025-09-25,Purchase,2.98,5.06,28.0,Organic Tomato Cluster,4,A,6,False
f848719b-f,8151a051,17794,IN,1,2025-09-18 11:49:00,2025-09-25,Purchase,1.28,8.97,38.0,Carrots,4,A,6,False
65a31852-a,f4117a92,5077,IN,1,2025-09-18 11:49:00,2025-10-02,Purchase,11.6,48.8,256.0,100% Whole Wheat Bread,3,C,13,False
98b6d228-5,ff52030c,8277,IN,1,2025-09-18 14:35:00,2025-09-25,Purchase,0.102,14.7,0.0,Apple Honeycrisp Organic,4,Falta Dato,6,False
af5a083a-b,6cfad04d,26209,IN,4,2025-09-18 14:35:00,2025-09-25,Purchase,0.0,10.4,30.0,Limes,4,A,6,False
36a360cf-e,64bb0ee3,24964,IN,3,2025-09-18 14:35:00,2025-09-25,Purchase,0.0,33.3,167.0,Organic Garlic,4,C,6,False
f4d1b415-b,c8df36bc,28204,IN,2,2025-09-18 14:35:00,2025-09-25,Purchase,0.0,90.0,400.0,Organic Fuji Apple,4,D,6,False
6e04af03-2,4bd9bf29,46979,IN,1,2025-09-18 14:35:00,2025-09-25,Purchase,2.35,3.53,18.0,Asparagus,4,A,6,False
7f886e0a-c,04ca32de,4605,IN,4,2025-09-18 17:10:00,2025-09-25,Purchase,0.68,7.43,30.0,Yellow Onions,4,A,6,False
08c7e11a-5,a857d0dd,27086,IN,1,2025-09-18 17:10:00,2025-09-28,Purchase,3.13,4.3,131.0,Half & Half,16,B,9,False
2ee7b666-2,5b875d4f,27845,IN,4,2025-09-18 17:10:00,2025-09-28,Purchase,3.39,5.08,62.0,Organic Whole Milk,16,B,9,False
01e723bd-a,54ad6d59,44632,IN,1,2025-09-18 17:10:00,2025-10-18,Purchase,0.0,0.0,0.0,Sparkling Water Grapefruit,7,A,29,False
6c839ea7-8,b29fc71a,22935,IN,4,2025-09-18 17:10:00,2025-09-25,Purchase,0.68,7.43,30.0,Organic Yellow Onion,4,A,6,False
f30d69f6-b,884f5f86,45066,IN,1,2025-09-18 18:41:00,2025-09-25,Purchase,0.0,3.81,2.0,Honeycrisp Apple,4,A,6,False
cf888ba5-6,175d7ba9,42265,IN,4,2025-09-18 18:41:00,2025-09-25,Purchase,1.18,8.24,35.0,Organic Baby Carrots,4,A,6,False
b9fae476-0,3263494f,24852,IN,3,2025-09-18 18:41:00,2025-09-25,Purchase,12.5,40.6,312.0,Banana,4,D,6,False
3d84239c-e,d074575e,37646,IN,3,2025-09-18 18:41:00,2025-09-25,Purchase,0.32,14.3,52.0,Organic Gala Apples,4,B,6,False
e95dfe84-b,288303f8,45007,IN,2,2025-09-18 18:41:00,2025-09-25,Purchase,1.05,4.21,21.0,Organic Zucchini,4,A,6,False
5b7285a9-5,39e9effe,45007,OUT,1,2025-09-18 15:23:00,2025-09-15,Waste,1.05,4.21,21.0,Organic Zucchini,4,A,-4,True
ccb60606-4,39e9effe,45007,OUT,1,2025-09-18 17:53:00,2025-09-15,Waste,1.05,4.21,21.0,Organic Zucchini,4,A,-4,True
b3364c8d-7,39e9effe,45007,OUT,2,2025-09-18 23:59:59,2025-09-15,Forced_Waste,1.05,4.21,21.0,Organic Zucchini,4,A,-4,True
958b2857-2,94b97774,47209,OUT,4,2025-09-18 23:59:59,2025-09-15,Forced_Waste,1.81,8.32,0.0,Organic Hass Avocado,4,Falta Dato,-4,True
84d35246-4,ae278451,27104,OUT,3,2025-09-18 23:59:59,2025-09-15,Forced_Waste,1.94,5.01,52.0,Fresh Cauliflower,4,B,-4,True
2722b4f2-f,8bd8b3bb,16797,OUT,1,2025-09-18 23:59:59,2025-09-15,Forced_Waste,0.71,9.29,36.0,Strawberries,4,A,-4,True
fce6a041-7,68c2f0a8,27966,OUT,4,2025-09-18 23:59:59,2025-09-15,Forced_Waste,1.43,12.1,50.0,Organic Raspberries,4,B,-4,True
c89786a4-9,7c188589,17794,OUT,1,2025-09-18 23:59:59,2025-09-15,Forced_Waste,1.28,8.97,38.0,Carrots,4,A,-4,True
27113de7-5,0695154d,16797,OUT,4,2025-09-18 23:59:59,2025-09-15,Forced_Waste,0.71,9.29,36.0,Strawberries,4,A,-4,True
9007e3b5-8,f753674c,47209,OUT,2,2025-09-18 23:59:59,2025-09-15,Forced_Waste,1.81,8.32,0.0,Organic Hass Avocado,4,Falta Dato,-4,True
31d03743-f,4ac1ea44,24852,OUT,1,2025-09-18 23:59:59,2025-09-15,Forced_Waste,12.5,40.6,312.0,Banana,4,D,-4,True
faef5156-e,ebfde292,27966,OUT,3,2025-09-18 23:59:59,2025-09-15,Forced_Waste,1.43,12.1,50.0,Organic Raspberries,4,B,-4,True
dd1455df-b,141dbc22,41950,IN,1,2025-09-19 05:54:00,2025-09-26,Purchase,2.98,5.06,28.0,Organic Tomato Cluster,4,A,6,False
25d02d42-9,d1630a4a,35951,IN,1,2025-09-19 05:54:00,2025-09-29,Purchase,0.55,0.34,15.0,Organic Unsweetened Almond Milk,16,A,9,False
cc6dbfa5-9,8e053f60,24852,IN,3,2025-09-19 05:54:00,2025-09-26,Purchase,12.5,40.6,312.0,Banana,4,D,6,False
921dfb68-2,6bbdef3b,49235,IN,1,2025-09-19 05:54:00,2025-09-29,Purchase,3.13,4.3,131.0,Organic Half & Half,16,B,9,False
c4cfaa2c-c,bdcbc1cc,47766,IN,1,2025-09-19 05:54:00,2025-09-26,Purchase,1.9,7.36,427.0,Organic Avocado,4,D,6,False
540d6a11-a,824b5ed8,39275,IN,4,2025-09-19 05:54:00,2025-09-26,Purchase,0.71,12.1,57.0,Organic Blueberries,4,B,6,False
2a37cd05-e,8c00f0f3,27966,IN,4,2025-09-19 08:24:00,2025-09-26,Purchase,1.43,12.1,50.0,Organic Raspberries,4,B,6,False
3c58d8e6-7,393f19c1,24964,IN,1,2025-09-19 08:24:00,2025-09-26,Purchase,0.0,33.3,167.0,Organic Garlic,4,C,6,False
87bc40c9-6,0439c10b,35951,IN,4,2025-09-19 08:24:00,2025-09-29,Purchase,0.55,0.34,15.0,Organic Unsweetened Almond Milk,16,A,9,False
b7678874-1,08a43d38,45007,IN,3,2025-09-19 14:21:00,2025-09-26,Purchase,1.05,4.21,21.0,Organic Zucchini,4,A,6,False
375663ca-3,60d4e7fc,27845,IN,3,2025-09-19 14:21:00,2025-09-29,Purchase,3.39,5.08,62.0,Organic Whole Milk,16,B,9,False
a1d4b1dc-5,5d6e391c,24964,IN,3,2025-09-19 14:21:00,2025-09-26,Purchase,0.0,33.3,167.0,Organic Garlic,4,C,6,False
b9f96df3-b,2648414d,37646,IN,3,2025-09-19 18:28:00,2025-09-26,Purchase,0.32,14.3,52.0,Organic Gala Apples,4,B,6,False
5d6ac00d-0,6a10722f,44359,IN,4,2025-09-19 18:28:00,2025-09-26,Purchase,7.43,76.25,392.0,Organic Small Bunch Celery,4,D,6,False
d7bd0b66-9,d4026874,24852,IN,4,2025-09-19 18:28:00,2025-09-26,Purchase,12.5,40.6,312.0,Banana,4,D,6,False
06436088-1,691dcc0f,19057,IN,2,2025-09-19 18:28:00,2025-09-26,Purchase,0.148,15.7,0.0,Organic Large Extra Fancy Fuji Apple,4,Falta Dato,6,False
2b32a6f0-2,82d92dcb,13176,IN,3,2025-09-19 18:28:00,2025-09-26,Purchase,3.89,88.3,346.0,Bag of Organic Bananas,4,D,6,False
f367d918-f,679f96c8,28985,OUT,1,2025-09-19 15:49:00,2025-09-16,Waste,2.92,4.42,35.0,Michigan Organic Kale,4,A,-4,True
fa162a78-b,679f96c8,28985,OUT,1,2025-09-19 18:23:00,2025-09-16,Waste,2.92,4.42,35.0,Michigan Organic Kale,4,A,-4,True
8de340ad-e,44f1bfec,45066,OUT,1,2025-09-19 23:59:59,2025-09-16,Forced_Waste,0.0,3.81,2.0,Honeycrisp Apple,4,A,-4,True
5f7d80f7-d,adaa6797,42265,OUT,2,2025-09-19 23:59:59,2025-09-16,Forced_Waste,1.18,8.24,35.0,Organic Baby Carrots,4,A,-4,True
530feb60-f,f933b2dd,24964,OUT,3,2025-09-19 23:59:59,2025-09-16,Forced_Waste,0.0,33.3,167.0,Organic Garlic,4,C,-4,True
4e6fd1c1-8,81343273,37646,OUT,4,2025-09-19 23:59:59,2025-09-16,Forced_Waste,0.32,14.3,52.0,Organic Gala Apples,4,B,-4,True
cb612d1a-c,2c1d4f2f,28985,OUT,2,2025-09-19 23:59:59,2025-09-16,Forced_Waste,2.92,4.42,35.0,Michigan Organic Kale,4,A,-4,True
e1e46957-7,078ff09a,13176,OUT,4,2025-09-19 23:59:59,2025-09-16,Forced_Waste,3.89,88.3,346.0,Bag of Organic Bananas,4,D,-4,True
e7a7e527-0,6eb8caef,41950,OUT,2,2025-09-19 23:59:59,2025-09-16,Forced_Waste,2.98,5.06,28.0,Organic Tomato Cluster,4,A,-4,True
81f7f91e-f,4a1395fe,37646,OUT,3,2025-09-19 23:59:59,2025-09-16,Forced_Waste,0.32,14.3,52.0,Organic Gala Apples,4,B,-4,True
5a42d128-5,26d2a4c7,39275,IN,4,2025-09-20 11:06:00,2025-09-27,Purchase,0.71,12.1,57.0,Organic Blueberries,4,B,6,False
59c13786-0,62283470,16797,IN,3,2025-09-20 11:06:00,2025-09-27,Purchase,0.71,9.29,36.0,Strawberries,4,A,6,False
6b60f9e5-f,e5a458e2,28985,IN,4,2025-09-20 11:06:00,2025-09-27,Purchase,2.92,4.42,35.0,Michigan Organic Kale,4,A,6,False
f8e2334a-3,f44e43f0,40706,IN,1,2025-09-20 13:23:00,2025-09-27,Purchase,1.19,7.14,36.0,Organic Grape Tomatoes,4,A,6,False
ea3c9bd7-6,76bd9504,21137,IN,1,2025-09-20 13:23:00,2025-09-27,Purchase,0.71,9.29,36.0,Organic Strawberries,4,A,6,False
b9c8df47-3,ff46680e,31717,IN,2,2025-09-20 13:23:00,2025-09-27,Purchase,0.0,0.0,0.0,Organic Cilantro,4,A,6,False
284f49d3-4,499dea6a,49683,IN,4,2025-09-20 13:23:00,2025-09-27,Purchase,0.5,6.79,34.0,Cucumber Kirby,4,A,6,False
fe65270b-6,875cd376,16797,IN,2,2025-09-20 13:23:00,2025-09-27,Purchase,0.71,9.29,36.0,Strawberries,4,A,6,False
980ab70f-3,6b4e043a,47766,IN,1,2025-09-20 13:23:00,2025-09-27,Purchase,1.9,7.36,427.0,Organic Avocado,4,D,6,False
3eec94c2-6,50d7207b,40706,IN,2,2025-09-20 16:11:00,2025-09-27,Purchase,1.19,7.14,36.0,Organic Grape Tomatoes,4,A,6,False
a7a27609-0,28479bf3,27966,IN,2,2025-09-20 16:11:00,2025-09-27,Purchase,1.43,12.1,50.0,Organic Raspberries,4,B,6,False
7e23fba7-3,865196a4,19660,IN,3,2025-09-20 16:11:00,2025-10-20,Purchase,0.0,0.0,0.0,Spring Water,7,A,29,False
b8a8c0e6-b,6b8dce69,8277,IN,1,2025-09-20 16:11:00,2025-09-27,Purchase,0.102,14.7,0.0,Apple Honeycrisp Organic,4,Falta Dato,6,False
0b6368e7-6,383a25a8,49235,IN,4,2025-09-20 16:11:00,2025-09-30,Purchase,3.13,4.3,131.0,Organic Half & Half,16,B,9,False
0d6c4d46-f,8387062b,21137,IN,4,2025-09-20 16:11:00,2025-09-27,Purchase,0.71,9.29,36.0,Organic Strawberries,4,A,6,False
985a9306-6,2be9c86a,22035,IN,1,2025-09-20 17:37:00,2025-09-30,Purchase,1.45,6.25,50.0,Organic Whole String Cheese,16,B,9,False
6924c7b4-7,eb8507d0,4605,IN,1,2025-09-20 17:37:00,2025-09-27,Purchase,0.68,7.43,30.0,Yellow Onions,4,A,6,False
4d1fc261-5,38f78a2a,30391,IN,2,2025-09-20 19:48:00,2025-09-27,Purchase,0.5,6.79,34.0,Organic Cucumber,4,A,6,False
ea291bc3-0,015bf136,31717,IN,2,2025-09-20 19:48:00,2025-09-27,Purchase,0.0,0.0,0.0,Organic Cilantro,4,A,6,False
bc2a4c2f-c,34ee754a,49235,IN,1,2025-09-20 19:48:00,2025-09-30,Purchase,3.13,4.3,131.0,Organic Half & Half,16,B,9,False
7197d123-0,b8655d66,8518,IN,1,2025-09-20 19:48:00,2025-09-27,Purchase,0.68,6.76,30.0,Organic Red Onion,4,A,6,False
55cedbd6-4,724f53f7,35951,IN,2,2025-09-20 19:48:00,2025-09-30,Purchase,0.55,0.34,15.0,Organic Unsweetened Almond Milk,16,A,9,False
d65028ac-a,475cd6bb,4605,IN,3,2025-09-20 19:48:00,2025-09-27,Purchase,0.68,7.43,30.0,Yellow Onions,4,A,6,False
9a41491a-9,10b2838b,45007,OUT,1,2025-09-20 12:13:00,2025-09-17,Waste,1.05,4.21,21.0,Organic Zucchini,4,A,-4,True
a090ce29-c,06720189,39877,OUT,1,2025-09-20 19:42:00,2025-09-17,Waste,0.266,14.1,0.0,Organic Granny Smith Apple,4,Falta Dato,-4,True
bdb88d3e-9,06720189,39877,OUT,1,2025-09-20 16:57:00,2025-09-17,Waste,0.266,14.1,0.0,Organic Granny Smith Apple,4,Falta Dato,-4,True
c07b147f-c,06720189,39877,OUT,2,2025-09-20 23:59:59,2025-09-17,Forced_Waste,0.266,14.1,0.0,Organic Granny Smith Apple,4,Falta Dato,-4,True
0714054c-0,d7c18ec1,22935,OUT,1,2025-09-20 23:59:59,2025-09-17,Forced_Waste,0.68,7.43,30.0,Organic Yellow Onion,4,A,-4,True
54ac05b9-4,fba9e4c2,17794,OUT,1,2025-09-20 23:59:59,2025-09-17,Forced_Waste,1.28,8.97,38.0,Carrots,4,A,-4,True
36912740-3,f6ce8677,13176,OUT,2,2025-09-20 23:59:59,2025-09-17,Forced_Waste,3.89,88.3,346.0,Bag of Organic Bananas,4,D,-4,True
7638162b-8,69a09cb5,27966,OUT,4,2025-09-20 23:59:59,2025-09-17,Forced_Waste,1.43,12.1,50.0,Organic Raspberries,4,B,-4,True
796e3ce9-1,e166be86,47209,OUT,1,2025-09-20 23:59:59,2025-09-17,Forced_Waste,1.81,8.32,0.0,Organic Hass Avocado,4,Falta Dato,-4,True
39eb46d0-2,aeacd496,31717,OUT,1,2025-09-20 23:59:59,2025-09-17,Forced_Waste,0.0,0.0,0.0,Organic Cilantro,4,A,-4,True
387d987d-c,3f4f45f7,45007,OUT,4,2025-09-20 23:59:59,2025-09-17,Forced_Waste,1.05,4.21,21.0,Organic Zucchini,4,A,-4,True
d4d2615b-5,04180718,47766,OUT,1,2025-09-20 23:59:59,2025-09-17,Forced_Waste,1.9,7.36,427.0,Organic Avocado,4,D,-4,True
5cf34a8f-0,5ad6486a,19660,IN,2,2025-09-21 12:37:00,2025-10-21,Purchase,0.0,0.0,0.0,Spring Water,7,A,29,False
1dd469dc-3,48897f75,41950,IN,1,2025-09-21 12:37:00,2025-09-28,Purchase,2.98,5.06,28.0,Organic Tomato Cluster,4,A,6,False
8fe233bd-8,f5de1b3a,27966,IN,2,2025-09-21 16:16:00,2025-09-28,Purchase,1.43,12.1,50.0,Organic Raspberries,4,B,6,False
4c14bd66-4,82d3821d,47626,IN,3,2025-09-21 16:16:00,2025-09-28,Purchase,10.7,2.36,55.0,Large Lemon,4,B,6,False
39503396-8,43bc26ca,39275,IN,2,2025-09-21 16:16:00,2025-09-28,Purchase,0.71,12.1,57.0,Organic Blueberries,4,B,6,False
c9f8ffc2-c,f6a2b565,47766,IN,3,2025-09-21 16:16:00,2025-09-28,Purchase,1.9,7.36,427.0,Organic Avocado,4,D,6,False
78f6f6c3-0,a43b8e45,49683,IN,2,2025-09-21 16:16:00,2025-09-28,Purchase,0.5,6.79,34.0,Cucumber Kirby,4,A,6,False
23877ff7-8,68a839b3,22935,IN,4,2025-09-21 17:22:00,2025-09-28,Purchase,0.68,7.43,30.0,Organic Yellow Onion,4,A,6,False
e9a926d3-f,02c5d70e,41950,IN,1,2025-09-21 17:22:00,2025-09-28,Purchase,2.98,5.06,28.0,Organic Tomato Cluster,4,A,6,False
352c2071-0,0684532c,34126,IN,2,2025-09-21 17:22:00,2025-09-28,Purchase,7.43,76.25,392.0,Organic Italian Parsley Bunch,4,D,6,False
be9fa9f5-d,8c25ac08,21616,IN,1,2025-09-21 21:11:00,2025-09-28,Purchase,2.82,3.52,25.0,Organic Baby Arugula,4,A,6,False
d9e31ffd-f,b528becd,45007,IN,2,2025-09-21 21:11:00,2025-09-28,Purchase,1.05,4.21,21.0,Organic Zucchini,4,A,6,False
f1e43add-9,d7fac7a4,39275,IN,3,2025-09-21 21:11:00,2025-09-28,Purchase,0.71,12.1,57.0,Organic Blueberries,4,B,6,False
e3f2d0b4-d,0b78e01a,26209,IN,3,2025-09-21 21:11:00,2025-09-28,Purchase,0.0,10.4,30.0,Limes,4,A,6,False
fc4e21be-5,dcb73f5a,17794,IN,2,2025-09-21 21:11:00,2025-09-28,Purchase,1.28,8.97,38.0,Carrots,4,A,6,False
05dec35a-5,272ddb99,10749,IN,4,2025-09-21 21:11:00,2025-09-28,Purchase,0.896,6.65,0.0,Organic Red Bell Pepper,4,Falta Dato,6,False
da9cc813-9,d38c36a2,9076,OUT,1,2025-09-21 12:29:00,2025-09-18,Waste,0.71,12.1,57.0,Blueberries,1,B,-4,True
56ed1871-9,d38c36a2,9076,OUT,1,2025-09-21 20:43:00,2025-09-18,Waste,0.71,12.1,57.0,Blueberries,1,B,-4,True
3ff91913-b,d38c36a2,9076,OUT,1,2025-09-21 20:06:00,2025-09-18,Waste,0.71,12.1,57.0,Blueberries,1,B,-4,True
40462444-b,d38c36a2,9076,OUT,1,2025-09-21 23:59:59,2025-09-18,Forced_Waste,0.71,12.1,57.0,Blueberries,1,B,-4,True
e6bbffb9-e,9899704c,27104,OUT,4,2025-09-21 23:59:59,2025-09-18,Forced_Waste,1.94,5.01,52.0,Fresh Cauliflower,4,B,-4,True
cd62e1aa-d,465abe66,47626,OUT,2,2025-09-21 23:59:59,2025-09-18,Forced_Waste,10.7,2.36,55.0,Large Lemon,4,B,-4,True
c1e72d56-b,0fa1d68b,37646,OUT,3,2025-09-21 23:59:59,2025-09-18,Forced_Waste,0.32,14.3,52.0,Organic Gala Apples,4,B,-4,True
94dfad86-9,75b29dd6,8518,OUT,3,2025-09-21 23:59:59,2025-09-18,Forced_Waste,0.68,6.76,30.0,Organic Red Onion,4,A,-4,True
63595be6-2,2ab887d6,42265,OUT,1,2025-09-21 23:59:59,2025-09-18,Forced_Waste,1.18,8.24,35.0,Organic Baby Carrots,4,A,-4,True
413dc1cb-f,b4e81c9b,31717,OUT,2,2025-09-21 23:59:59,2025-09-18,Forced_Waste,0.0,0.0,0.0,Organic Cilantro,4,A,-4,True
a739cf64-7,f402da08,47626,OUT,3,2025-09-21 23:59:59,2025-09-18,Forced_Waste,10.7,2.36,55.0,Large Lemon,4,B,-4,True
3815e0a6-6,c7ce5c1b,42265,OUT,1,2025-09-21 23:59:59,2025-09-18,Forced_Waste,1.18,8.24,35.0,Organic Baby Carrots,4,A,-4,True
16c3affb-c,6d51e449,4920,OUT,1,2025-09-21 23:59:59,2025-09-18,Forced_Waste,1.18,17.6,71.0,Seedless Red Grapes,4,B,-4,True
2fdc3d37-1,9580eb1c,10749,OUT,1,2025-09-21 23:59:59,2025-09-18,Forced_Waste,0.896,6.65,0.0,Organic Red Bell Pepper,4,Falta Dato,-4,True
47b21bad-e,01b17fcd,21137,OUT,2,2025-09-21 23:59:59,2025-09-18,Forced_Waste,0.71,9.29,36.0,Organic Strawberries,4,A,-4,True
97a1fa12-9,01faeca8,16797,OUT,1,2025-09-21 23:59:59,2025-09-18,Forced_Waste,0.71,9.29,36.0,Strawberries,4,A,-4,True
b07f507e-2,c61dcc53,21137,OUT,3,2025-09-21 23:59:59,2025-09-18,Forced_Waste,0.71,9.29,36.0,Organic Strawberries,4,A,-4,True
794b2116-e,754e2ef4,44359,IN,2,2025-09-22 07:55:00,2025-09-29,Purchase,7.43,76.25,392.0,Organic Small Bunch Celery,4,D,6,False
2b6908ff-1,246f409d,27086,IN,1,2025-09-22 07:55:00,2025-10-02,Purchase,3.13,4.3,131.0,Half & Half,16,B,9,False
acb58342-3,61d4f7b3,41950,IN,1,2025-09-22 07:55:00,2025-09-29,Purchase,2.98,5.06,28.0,Organic Tomato Cluster,4,A,6,False
44a5124b-0,2069edf0,24852,IN,1,2025-09-22 07:55:00,2025-09-29,Purchase,12.5,40.6,312.0,Banana,4,D,6,False
22edb010-5,592addaf,41950,IN,4,2025-09-22 12:39:00,2025-09-29,Purchase,2.98,5.06,28.0,Organic Tomato Cluster,4,A,6,False
a55bb53b-1,e0e65afe,19057,IN,2,2025-09-22 12:39:00,2025-09-29,Purchase,0.148,15.7,0.0,Organic Large Extra Fancy Fuji Apple,4,Falta Dato,6,False
058a26b6-4,9ae38af2,49683,IN,2,2025-09-22 12:39:00,2025-09-29,Purchase,0.5,6.79,34.0,Cucumber Kirby,4,A,6,False
8c868301-a,2f13c08b,24852,IN,1,2025-09-22 16:59:00,2025-09-29,Purchase,12.5,40.6,312.0,Banana,4,D,6,False
60aad4c3-4,7fcb04f6,21616,IN,3,2025-09-22 16:59:00,2025-09-29,Purchase,2.82,3.52,25.0,Organic Baby Arugula,4,A,6,False
f76e259b-2,413556ab,27086,IN,2,2025-09-22 16:59:00,2025-10-02,Purchase,3.13,4.3,131.0,Half & Half,16,B,9,False
e55bf9e8-3,382a9de1,27104,IN,1,2025-09-22 16:59:00,2025-09-29,Purchase,1.94,5.01,52.0,Fresh Cauliflower,4,B,6,False
db901930-3,6f952e49,49235,OUT,1,2025-09-22 13:16:00,2025-09-19,Waste,3.13,4.3,131.0,Organic Half & Half,16,B,-4,True
36044525-7,6f952e49,49235,OUT,1,2025-09-22 20:58:00,2025-09-19,Waste,3.13,4.3,131.0,Organic Half & Half,16,B,-4,True
fd9479b4-9,8805ac52,39877,OUT,1,2025-09-22 12:40:00,2025-09-19,Waste,0.266,14.1,0.0,Organic Granny Smith Apple,4,Falta Dato,-4,True
55213f74-4,8805ac52,39877,OUT,1,2025-09-22 13:16:00,2025-09-19,Waste,0.266,14.1,0.0,Organic Granny Smith Apple,4,Falta Dato,-4,True
3aabcd19-1,8805ac52,39877,OUT,2,2025-09-22 23:59:59,2025-09-19,Forced_Waste,0.266,14.1,0.0,Organic Granny Smith Apple,4,Falta Dato,-4,True
8a835c74-b,983fc001,27104,OUT,1,2025-09-22 23:59:59,2025-09-19,Forced_Waste,1.94,5.01,52.0,Fresh Cauliflower,4,B,-4,True
de665291-5,1c356658,24964,OUT,1,2025-09-22 23:59:59,2025-09-19,Forced_Waste,0.0,33.3,167.0,Organic Garlic,4,C,-4,True
85b2ed25-4,d6600e5a,22935,OUT,3,2025-09-22 23:59:59,2025-09-19,Forced_Waste,0.68,7.43,30.0,Organic Yellow Onion,4,A,-4,True
895d7994-5,562821f0,49235,IN,2,2025-09-23 10:26:00,2025-10-03,Purchase,3.13,4.3,131.0,Organic Half & Half,16,B,9,False
08ad27c3-7,a3a951e0,21903,IN,2,2025-09-23 10:26:00,2025-09-30,Purchase,2.68,3.36,23.0,Organic Baby Spinach,4,A,6,False
b077c499-6,7c61fc3b,21137,IN,3,2025-09-23 10:26:00,2025-09-30,Purchase,0.71,9.29,36.0,Organic Strawberries,4,A,6,False
e357f43a-0,0ab93104,47626,IN,3,2025-09-23 10:26:00,2025-09-30,Purchase,10.7,2.36,55.0,Large Lemon,4,B,6,False
a40ca629-8,ff5ff4bb,4920,IN,1,2025-09-23 10:26:00,2025-09-30,Purchase,1.18,17.6,71.0,Seedless Red Grapes,4,B,6,False
63220385-f,2a3a8e55,39877,IN,4,2025-09-23 10:26:00,2025-09-30,Purchase,0.266,14.1,0.0,Organic Granny Smith Apple,4,Falta Dato,6,False
b5c66d2c-4,a595a9a4,26604,IN,4,2025-09-23 11:56:00,2025-09-30,Purchase,1.47,15.4,59.0,Organic Blackberries,4,B,6,False
38057c9e-8,835f44f4,39877,IN,4,2025-09-23 11:56:00,2025-09-30,Purchase,0.266,14.1,0.0,Organic Granny Smith Apple,4,Falta Dato,6,False
214cbfd0-d,60172a42,34126,IN,3,2025-09-23 12:35:00,2025-09-30,Purchase,7.43,76.25,392.0,Organic Italian Parsley Bunch,4,D,6,False
eaf77c36-f,bfb18f21,43352,IN,2,2025-09-23 12:35:00,2025-09-30,Purchase,1.43,12.1,50.0,Raspberries,4,B,6,False
2d5e483f-e,ab956eac,22935,IN,4,2025-09-23 12:35:00,2025-09-30,Purchase,0.68,7.43,30.0,Organic Yellow Onion,4,A,6,False
47cb5d6e-f,41328de4,31717,IN,2,2025-09-23 12:35:00,2025-09-30,Purchase,0.0,0.0,0.0,Organic Cilantro,4,A,6,False
eda67e8a-4,6e63c236,47626,IN,3,2025-09-23 12:35:00,2025-09-30,Purchase,10.7,2.36,55.0,Large Lemon,4,B,6,False
fd541ee3-1,b36e4ae7,35951,IN,2,2025-09-23 12:35:00,2025-10-03,Purchase,0.55,0.34,15.0,Organic Unsweetened Almond Milk,16,A,9,False
7ef10eb3-4,6e40ff9a,21616,IN,4,2025-09-23 13:49:00,2025-09-30,Purchase,2.82,3.52,25.0,Organic Baby Arugula,4,A,6,False
18fa00ae-9,8eb39634,43352,IN,4,2025-09-23 13:49:00,2025-09-30,Purchase,1.43,12.1,50.0,Raspberries,4,B,6,False
9eaf3b54-c,d8df5de3,37646,IN,4,2025-09-23 20:55:00,2025-09-30,Purchase,0.32,14.3,52.0,Organic Gala Apples,4,B,6,False
c3460c86-4,3274f1ca,21137,IN,2,2025-09-23 20:55:00,2025-09-30,Purchase,0.71,9.29,36.0,Organic Strawberries,4,A,6,False
93a3ddb7-0,c910d847,39877,IN,1,2025-09-23 20:55:00,2025-09-30,Purchase,0.266,14.1,0.0,Organic Granny Smith Apple,4,Falta Dato,6,False
c9939c16-b,fb482dea,5876,OUT,1,2025-09-23 16:09:00,2025-09-20,Waste,0.0,6.67,300.0,Organic Lemon,4,D,-4,True
b82f1fd0-4,fb482dea,5876,OUT,1,2025-09-23 20:07:00,2025-09-20,Waste,0.0,6.67,300.0,Organic Lemon,4,D,-4,True
ab797957-c,fb482dea,5876,OUT,1,2025-09-23 20:03:00,2025-09-20,Waste,0.0,6.67,300.0,Organic Lemon,4,D,-4,True
1ce63c69-3,fb482dea,5876,OUT,1,2025-09-23 23:59:59,2025-09-20,Forced_Waste,0.0,6.67,300.0,Organic Lemon,4,D,-4,True
f65644a0-f,8c252cfb,13176,OUT,3,2025-09-23 23:59:59,2025-09-20,Forced_Waste,3.89,88.3,346.0,Bag of Organic Bananas,4,D,-4,True
5ff7888f-e,05faf749,34126,OUT,4,2025-09-23 23:59:59,2025-09-20,Forced_Waste,7.43,76.25,392.0,Organic Italian Parsley Bunch,4,D,-4,True
488f3b4e-2,484cb675,47766,OUT,3,2025-09-23 23:59:59,2025-09-20,Forced_Waste,1.9,7.36,427.0,Organic Avocado,4,D,-4,True
c4c142d2-c,f70e75b3,27845,OUT,2,2025-09-23 23:59:59,2025-09-20,Forced_Waste,3.39,5.08,62.0,Organic Whole Milk,16,B,-4,True
7e63919a-2,5ec364bf,45066,IN,1,2025-09-24 20:45:00,2025-10-01,Purchase,0.0,3.81,2.0,Honeycrisp Apple,4,A,6,False
6cd92108-0,d7950d4d,40706,IN,2,2025-09-24 20:45:00,2025-10-01,Purchase,1.19,7.14,36.0,Organic Grape Tomatoes,4,A,6,False
69c9b22f-8,4ab8f68c,39877,IN,3,2025-09-24 23:27:00,2025-10-01,Purchase,0.266,14.1,0.0,Organic Granny Smith Apple,4,Falta Dato,6,False
161d55c9-0,77333c98,21903,IN,4,2025-09-24 23:27:00,2025-10-01,Purchase,2.68,3.36,23.0,Organic Baby Spinach,4,A,6,False
d2c4a366-4,ac3c8611,24964,IN,2,2025-09-24 23:27:00,2025-10-01,Purchase,0.0,33.3,167.0,Organic Garlic,4,C,6,False
58a5a0de-a,8202a609,49235,IN,3,2025-09-24 23:27:00,2025-10-04,Purchase,3.13,4.3,131.0,Organic Half & Half,16,B,9,False
aed58df4-9,2fee6069,26209,OUT,1,2025-09-24 14:01:00,2025-09-21,Waste,0.0,10.4,30.0,Limes,4,A,-4,True
bedba2f1-a,2fee6069,26209,OUT,1,2025-09-24 18:22:00,2025-09-21,Waste,0.0,10.4,30.0,Limes,4,A,-4,True
808146e5-7,2fee6069,26209,OUT,1,2025-09-24 20:40:00,2025-09-21,Waste,0.0,10.4,30.0,Limes,4,A,-4,True
49f47e67-e,2fee6069,26209,OUT,1,2025-09-24 12:12:00,2025-09-21,Waste,0.0,10.4,30.0,Limes,4,A,-4,True
e1376f3d-a,a7de0ad4,5876,OUT,4,2025-09-24 23:59:59,2025-09-21,Forced_Waste,0.0,6.67,300.0,Organic Lemon,4,D,-4,True
a6d4ee56-0,2994e24b,35951,OUT,2,2025-09-24 23:59:59,2025-09-21,Forced_Waste,0.55,0.34,15.0,Organic Unsweetened Almond Milk,16,A,-4,True
ebd6eec4-5,eef2ad5a,21903,OUT,3,2025-09-24 23:59:59,2025-09-21,Forced_Waste,2.68,3.36,23.0,Organic Baby Spinach,4,A,-4,True
703adc0e-1,b0534282,45007,OUT,4,2025-09-24 23:59:59,2025-09-21,Forced_Waste,1.05,4.21,21.0,Organic Zucchini,4,A,-4,True
7e70e197-6,e8376d5c,43352,OUT,3,2025-09-24 23:59:59,2025-09-21,Forced_Waste,1.43,12.1,50.0,Raspberries,4,B,-4,True
0d4e0b35-9,98bd07f7,4605,OUT,4,2025-09-24 23:59:59,2025-09-21,Forced_Waste,0.68,7.43,30.0,Yellow Onions,4,A,-4,True
6579b895-7,d535e8b4,26209,OUT,4,2025-09-24 23:59:59,2025-09-21,Forced_Waste,0.0,10.4,30.0,Limes,4,A,-4,True
9a8276a3-3,6b7d118f,43352,OUT,4,2025-09-24 23:59:59,2025-09-21,Forced_Waste,1.43,12.1,50.0,Raspberries,4,B,-4,True
a65d0f63-6,70e3d047,27966,OUT,3,2025-09-24 23:59:59,2025-09-21,Forced_Waste,1.43,12.1,50.0,Organic Raspberries,4,B,-4,True
e8644505-3,8a70da84,47626,OUT,2,2025-09-24 23:59:59,2025-09-21,Forced_Waste,10.7,2.36,55.0,Large Lemon,4,B,-4,True
85665a41-f,6e3820cf,5077,OUT,1,2025-09-25 12:38:00,2025-09-22,Waste,11.6,48.8,256.0,100% Whole Wheat Bread,3,C,-4,True
52c44045-4,6e3820cf,5077,OUT,1,2025-09-25 13:19:00,2025-09-22,Waste,11.6,48.8,256.0,100% Whole Wheat Bread,3,C,-4,True
0be5f64c-0,6e3820cf,5077,OUT,1,2025-09-25 13:54:00,2025-09-22,Waste,11.6,48.8,256.0,100% Whole Wheat Bread,3,C,-4,True
69ca8a29-1,28d8c467,41950,OUT,4,2025-09-25 23:59:59,2025-09-22,Forced_Waste,2.98,5.06,28.0,Organic Tomato Cluster,4,A,-4,True
889d48ba-a,594b63c1,28985,OUT,2,2025-09-25 23:59:59,2025-09-22,Forced_Waste,2.92,4.42,35.0,Michigan Organic Kale,4,A,-4,True
cdbcfb98-a,2433bb6a,31717,OUT,4,2025-09-25 23:59:59,2025-09-22,Forced_Waste,0.0,0.0,0.0,Organic Cilantro,4,A,-4,True
9055c76a-b,939ad0ad,30391,OUT,2,2025-09-25 23:59:59,2025-09-22,Forced_Waste,0.5,6.79,34.0,Organic Cucumber,4,A,-4,True
57914c25-3,4fec4f05,49235,OUT,1,2025-09-25 23:59:59,2025-09-22,Forced_Waste,3.13,4.3,131.0,Organic Half & Half,16,B,-4,True
807598da-3,4ac357d3,35951,OUT,2,2025-09-25 23:59:59,2025-09-22,Forced_Waste,0.55,0.34,15.0,Organic Unsweetened Almond Milk,16,A,-4,True
46712999-4,6be7060f,9076,OUT,4,2025-09-25 23:59:59,2025-09-22,Forced_Waste,0.71,12.1,57.0,Blueberries,1,B,-4,True
4df96393-1,700fa0fb,31717,IN,4,2025-09-26 11:28:00,2025-10-03,Purchase,0.0,0.0,0.0,Organic Cilantro,4,A,6,False
9ead8094-2,64d528cc,28204,IN,1,2025-09-26 11:28:00,2025-10-03,Purchase,0.0,90.0,400.0,Organic Fuji Apple,4,D,6,False
053bf83e-3,afcbfd1b,44632,IN,3,2025-09-26 11:28:00,2025-10-26,Purchase,0.0,0.0,0.0,Sparkling Water Grapefruit,7,A,29,False
55c9cef6-7,3ed38524,16797,IN,4,2025-09-26 19:55:00,2025-10-03,Purchase,0.71,9.29,36.0,Strawberries,4,A,6,False
cbf49c4c-c,4e172ac6,47766,IN,2,2025-09-26 19:55:00,2025-10-03,Purchase,1.9,7.36,427.0,Organic Avocado,4,D,6,False
ce7a84a2-4,76d1446f,28985,OUT,1,2025-09-26 20:04:00,2025-09-23,Waste,2.92,4.42,35.0,Michigan Organic Kale,4,A,-4,True
ba8821a3-c,76d1446f,28985,OUT,1,2025-09-26 14:34:00,2025-09-23,Waste,2.92,4.42,35.0,Michigan Organic Kale,4,A,-4,True
a69e2b5c-6,76d1446f,28985,OUT,1,2025-09-26 14:11:00,2025-09-23,Waste,2.92,4.42,35.0,Michigan Organic Kale,4,A,-4,True
9e04f34e-a,76d1446f,28985,OUT,1,2025-09-26 20:53:00,2025-09-23,Waste,2.92,4.42,35.0,Michigan Organic Kale,4,A,-4,True
df4c8022-2,4477360e,26209,OUT,3,2025-09-26 23:59:59,2025-09-23,Forced_Waste,0.0,10.4,30.0,Limes,4,A,-4,True
b966787e-f,f3840b95,41950,OUT,2,2025-09-26 23:59:59,2025-09-23,Forced_Waste,2.98,5.06,28.0,Organic Tomato Cluster,4,A,-4,True
3dfa2c88-d,471a81bb,37646,OUT,4,2025-09-26 23:59:59,2025-09-23,Forced_Waste,0.32,14.3,52.0,Organic Gala Apples,4,B,-4,True
637081d6-7,2a7eb111,42265,OUT,3,2025-09-26 23:59:59,2025-09-23,Forced_Waste,1.18,8.24,35.0,Organic Baby Carrots,4,A,-4,True
b633c93a-e,a3c5aee3,47766,OUT,3,2025-09-26 23:59:59,2025-09-23,Forced_Waste,1.9,7.36,427.0,Organic Avocado,4,D,-4,True
6f6c0327-5,8333db0c,35951,OUT,1,2025-09-26 23:59:59,2025-09-23,Forced_Waste,0.55,0.34,15.0,Organic Unsweetened Almond Milk,16,A,-4,True
8b65a88b-7,e4d69d51,19660,IN,4,2025-09-27 11:51:00,2025-10-27,Purchase,0.0,0.0,0.0,Spring Water,7,A,29,False
0fc2f5db-8,61bebe2f,16797,IN,1,2025-09-27 11:51:00,2025-10-04,Purchase,0.71,9.29,36.0,Strawberries,4,A,6,False
f7c2c5aa-0,0aeee591,43352,IN,3,2025-09-27 11:51:00,2025-10-04,Purchase,1.43,12.1,50.0,Raspberries,4,B,6,False
082a267e-7,af38a33a,21616,IN,3,2025-09-27 11:51:00,2025-10-04,Purchase,2.82,3.52,25.0,Organic Baby Arugula,4,A,6,False
8b52ea5c-a,6dbcf081,24852,IN,4,2025-09-27 11:51:00,2025-10-04,Purchase,12.5,40.6,312.0,Banana,4,D,6,False
3e592fb5-5,4d775268,42265,IN,2,2025-09-27 12:01:00,2025-10-04,Purchase,1.18,8.24,35.0,Organic Baby Carrots,4,A,6,False
fc134b9c-8,784b778a,39275,IN,2,2025-09-27 12:01:00,2025-10-04,Purchase,0.71,12.1,57.0,Organic Blueberries,4,B,6,False
571fb5b2-8,f97fbe8d,5876,IN,4,2025-09-27 12:01:00,2025-10-04,Purchase,0.0,6.67,300.0,Organic Lemon,4,D,6,False
5cd86acf-4,90342d95,21903,IN,4,2025-09-27 12:01:00,2025-10-04,Purchase,2.68,3.36,23.0,Organic Baby Spinach,4,A,6,False
8f6af397-7,a10ac427,30489,OUT,1,2025-09-27 16:32:00,2025-09-24,Waste,7.14,14.3,214.0,Original Hummus,20,C,-4,True
a251b93b-f,a10ac427,30489,OUT,1,2025-09-27 17:13:00,2025-09-24,Waste,7.14,14.3,214.0,Original Hummus,20,C,-4,True
fd825396-9,a10ac427,30489,OUT,1,2025-09-27 20:43:00,2025-09-24,Waste,7.14,14.3,214.0,Original Hummus,20,C,-4,True
e5335d48-5,5c60e8e4,49235,OUT,1,2025-09-27 12:27:00,2025-09-24,Waste,3.13,4.3,131.0,Organic Half & Half,16,B,-4,True
3ef5e19a-2,5c60e8e4,49235,OUT,3,2025-09-27 23:59:59,2025-09-24,Forced_Waste,3.13,4.3,131.0,Organic Half & Half,16,B,-4,True
d9e90451-a,1d90d95a,27845,OUT,3,2025-09-27 23:59:59,2025-09-24,Forced_Waste,3.39,5.08,62.0,Organic Whole Milk,16,B,-4,True
90b6b611-0,1f608d44,4605,OUT,3,2025-09-27 23:59:59,2025-09-24,Forced_Waste,0.68,7.43,30.0,Yellow Onions,4,A,-4,True
4897027f-a,e0085ae4,21903,OUT,3,2025-09-27 23:59:59,2025-09-24,Forced_Waste,2.68,3.36,23.0,Organic Baby Spinach,4,A,-4,True
0cd4e464-4,24ce556b,41950,OUT,1,2025-09-27 23:59:59,2025-09-24,Forced_Waste,2.98,5.06,28.0,Organic Tomato Cluster,4,A,-4,True
c520f1fb-0,0ff47426,17794,OUT,1,2025-09-27 23:59:59,2025-09-24,Forced_Waste,1.28,8.97,38.0,Carrots,4,A,-4,True
dc359d2a-3,9f39fe97,30489,OUT,2,2025-09-27 23:59:59,2025-09-24,Forced_Waste,7.14,14.3,214.0,Original Hummus,20,C,-4,True
068a0e24-a,25115124,27966,OUT,4,2025-09-27 23:59:59,2025-09-24,Forced_Waste,1.43,12.1,50.0,Organic Raspberries,4,B,-4,True
43d2c917-f,3b4e56f8,43352,OUT,3,2025-09-27 23:59:59,2025-09-24,Forced_Waste,1.43,12.1,50.0,Raspberries,4,B,-4,True
849ab82e-a,051687fa,27845,OUT,1,2025-09-27 23:59:59,2025-09-24,Forced_Waste,3.39,5.08,62.0,Organic Whole Milk,16,B,-4,True
e3944f6c-2,955ff86b,22935,OUT,1,2025-09-27 23:59:59,2025-09-24,Forced_Waste,0.68,7.43,30.0,Organic Yellow Onion,4,A,-4,True
55afa760-3,735166a7,17794,OUT,1,2025-09-27 23:59:59,2025-09-24,Forced_Waste,1.28,8.97,38.0,Carrots,4,A,-4,True
37ea0b84-c,bb48110b,10749,OUT,3,2025-09-27 23:59:59,2025-09-24,Forced_Waste,0.896,6.65,0.0,Organic Red Bell Pepper,4,Falta Dato,-4,True
f5430808-0,3d13b09f,34126,OUT,1,2025-09-27 23:59:59,2025-09-24,Forced_Waste,7.43,76.25,392.0,Organic Italian Parsley Bunch,4,D,-4,True
7935c6ef-b,b9b5b7d0,30489,OUT,2,2025-09-27 23:59:59,2025-09-24,Forced_Waste,7.14,14.3,214.0,Original Hummus,20,C,-4,True
e0147800-7,ef3f64a8,9076,OUT,3,2025-09-27 23:59:59,2025-09-24,Forced_Waste,0.71,12.1,57.0,Blueberries,1,B,-4,True
26726e34-a,12503bfe,27086,OUT,4,2025-09-27 23:59:59,2025-09-24,Forced_Waste,3.13,4.3,131.0,Half & Half,16,B,-4,True
c85a029b-1,708ad922,22035,OUT,4,2025-09-27 23:59:59,2025-09-24,Forced_Waste,1.45,6.25,50.0,Organic Whole String Cheese,16,B,-4,True
8cecab39-e,0e905a9e,19660,IN,1,2025-09-28 15:01:00,2025-10-28,Purchase,0.0,0.0,0.0,Spring Water,7,A,29,False
06139082-7,3189d879,28204,IN,2,2025-09-28 15:01:00,2025-10-05,Purchase,0.0,90.0,400.0,Organic Fuji Apple,4,D,6,False
5286d9ef-0,6eb4d6fa,39877,IN,1,2025-09-28 15:01:00,2025-10-05,Purchase,0.266,14.1,0.0,Organic Granny Smith Apple,4,Falta Dato,6,False
737ce229-b,278b648e,5876,IN,2,2025-09-28 15:01:00,2025-10-05,Purchase,0.0,6.67,300.0,Organic Lemon,4,D,6,False
18b0e16f-3,aa4614bf,46979,IN,4,2025-09-28 16:11:00,2025-10-05,Purchase,2.35,3.53,18.0,Asparagus,4,A,6,False
0eeab268-f,8b849534,44359,IN,4,2025-09-28 16:11:00,2025-10-05,Purchase,7.43,76.25,392.0,Organic Small Bunch Celery,4,D,6,False
f51651fd-1,245a14ce,8518,IN,3,2025-09-28 16:11:00,2025-10-05,Purchase,0.68,6.76,30.0,Organic Red Onion,4,A,6,False
02b52fab-f,6fb436bc,10749,IN,4,2025-09-28 16:11:00,2025-10-05,Purchase,0.896,6.65,0.0,Organic Red Bell Pepper,4,Falta Dato,6,False
1835e66c-7,93211b60,21903,IN,4,2025-09-28 16:11:00,2025-10-05,Purchase,2.68,3.36,23.0,Organic Baby Spinach,4,A,6,False
05ed23bd-6,24603172,22935,IN,1,2025-09-28 17:10:00,2025-10-05,Purchase,0.68,7.43,30.0,Organic Yellow Onion,4,A,6,False
26dcc0f6-c,95f37727,49235,IN,2,2025-09-28 17:10:00,2025-10-08,Purchase,3.13,4.3,131.0,Organic Half & Half,16,B,9,False
6c419181-5,04128c71,30489,IN,1,2025-09-28 17:10:00,2025-10-12,Purchase,7.14,14.3,214.0,Original Hummus,20,C,13,False
1e5eb121-5,7736ecb2,21903,IN,1,2025-09-28 17:10:00,2025-10-05,Purchase,2.68,3.36,23.0,Organic Baby Spinach,4,A,6,False
17a35dac-1,ea315cf2,24852,IN,3,2025-09-28 17:10:00,2025-10-05,Purchase,12.5,40.6,312.0,Banana,4,D,6,False
3edc5511-0,b7fd3583,10749,IN,1,2025-09-28 17:10:00,2025-10-05,Purchase,0.896,6.65,0.0,Organic Red Bell Pepper,4,Falta Dato,6,False
3d9f1bba-3,507e0ae8,13176,OUT,1,2025-09-28 19:18:00,2025-09-25,Waste,3.89,88.3,346.0,Bag of Organic Bananas,4,D,-4,True
0331f553-7,bf0d48b9,34126,OUT,1,2025-09-28 17:38:00,2025-09-25,Waste,7.43,76.25,392.0,Organic Italian Parsley Bunch,4,D,-4,True
d21b2959-8,bf0d48b9,34126,OUT,3,2025-09-28 23:59:59,2025-09-25,Forced_Waste,7.43,76.25,392.0,Organic Italian Parsley Bunch,4,D,-4,True
ed60e92d-3,b8ff34a9,16797,OUT,3,2025-09-28 23:59:59,2025-09-25,Forced_Waste,0.71,9.29,36.0,Strawberries,4,A,-4,True
c2f9410f-a,ad4b2e08,41950,OUT,1,2025-09-28 23:59:59,2025-09-25,Forced_Waste,2.98,5.06,28.0,Organic Tomato Cluster,4,A,-4,True
779ae2bf-8,8151a051,17794,OUT,1,2025-09-28 23:59:59,2025-09-25,Forced_Waste,1.28,8.97,38.0,Carrots,4,A,-4,True
035adafe-d,ff52030c,8277,OUT,1,2025-09-28 23:59:59,2025-09-25,Forced_Waste,0.102,14.7,0.0,Apple Honeycrisp Organic,4,Falta Dato,-4,True
0c81e1fa-0,6cfad04d,26209,OUT,4,2025-09-28 23:59:59,2025-09-25,Forced_Waste,0.0,10.4,30.0,Limes,4,A,-4,True
fcf5ea74-0,64bb0ee3,24964,OUT,3,2025-09-28 23:59:59,2025-09-25,Forced_Waste,0.0,33.3,167.0,Organic Garlic,4,C,-4,True
ced8a5d7-c,c8df36bc,28204,OUT,2,2025-09-28 23:59:59,2025-09-25,Forced_Waste,0.0,90.0,400.0,Organic Fuji Apple,4,D,-4,True
d0b55da2-5,4bd9bf29,46979,OUT,1,2025-09-28 23:59:59,2025-09-25,Forced_Waste,2.35,3.53,18.0,Asparagus,4,A,-4,True
1a089ce0-a,5c6f0492,9076,OUT,2,2025-09-28 23:59:59,2025-09-25,Forced_Waste,0.71,12.1,57.0,Blueberries,1,B,-4,True
5854edc4-d,04ca32de,4605,OUT,4,2025-09-28 23:59:59,2025-09-25,Forced_Waste,0.68,7.43,30.0,Yellow Onions,4,A,-4,True
80461959-9,b29fc71a,22935,OUT,4,2025-09-28 23:59:59,2025-09-25,Forced_Waste,0.68,7.43,30.0,Organic Yellow Onion,4,A,-4,True
409f66a7-2,de2e7cb0,30489,OUT,2,2025-09-28 23:59:59,2025-09-25,Forced_Waste,7.14,14.3,214.0,Original Hummus,20,C,-4,True
506a3c3f-5,884f5f86,45066,OUT,1,2025-09-28 23:59:59,2025-09-25,Forced_Waste,0.0,3.81,2.0,Honeycrisp Apple,4,A,-4,True
5c67f2ff-e,175d7ba9,42265,OUT,4,2025-09-28 23:59:59,2025-09-25,Forced_Waste,1.18,8.24,35.0,Organic Baby Carrots,4,A,-4,True
00f04c1b-b,3263494f,24852,OUT,3,2025-09-28 23:59:59,2025-09-25,Forced_Waste,12.5,40.6,312.0,Banana,4,D,-4,True
162a15e0-0,d074575e,37646,OUT,3,2025-09-28 23:59:59,2025-09-25,Forced_Waste,0.32,14.3,52.0,Organic Gala Apples,4,B,-4,True
31cef2af-8,288303f8,45007,OUT,2,2025-09-28 23:59:59,2025-09-25,Forced_Waste,1.05,4.21,21.0,Organic Zucchini,4,A,-4,True
85a6c866-b,11044385,40706,IN,1,2025-09-29 10:14:00,2025-10-06,Purchase,1.19,7.14,36.0,Organic Grape Tomatoes,4,A,6,False
a6c97fe2-7,8e05809e,27845,IN,3,2025-09-29 10:14:00,2025-10-09,Purchase,3.39,5.08,62.0,Organic Whole Milk,16,B,9,False
832423f9-e,fcb66194,47626,IN,4,2025-09-29 10:14:00,2025-10-06,Purchase,10.7,2.36,55.0,Large Lemon,4,B,6,False
b9c06c07-4,32eec7d2,24964,IN,1,2025-09-29 10:14:00,2025-10-06,Purchase,0.0,33.3,167.0,Organic Garlic,4,C,6,False
837cdec0-2,c6eb41bb,47209,IN,2,2025-09-29 12:53:00,2025-10-06,Purchase,1.81,8.32,0.0,Organic Hass Avocado,4,Falta Dato,6,False
de0dd7f9-f,160beee3,47626,IN,4,2025-09-29 12:53:00,2025-10-06,Purchase,10.7,2.36,55.0,Large Lemon,4,B,6,False
567465b4-1,141dbc22,41950,OUT,1,2025-09-29 15:42:00,2025-09-26,Waste,2.98,5.06,28.0,Organic Tomato Cluster,4,A,-4,True
3baad780-5,8e053f60,24852,OUT,1,2025-09-29 17:30:00,2025-09-26,Waste,12.5,40.6,312.0,Banana,4,D,-4,True
a1d6d497-0,8e053f60,24852,OUT,1,2025-09-29 20:16:00,2025-09-26,Waste,12.5,40.6,312.0,Banana,4,D,-4,True
cb777237-9,8e053f60,24852,OUT,1,2025-09-29 23:59:59,2025-09-26,Forced_Waste,12.5,40.6,312.0,Banana,4,D,-4,True
1f6fd6ed-d,bdcbc1cc,47766,OUT,1,2025-09-29 23:59:59,2025-09-26,Forced_Waste,1.9,7.36,427.0,Organic Avocado,4,D,-4,True
b6d26143-b,824b5ed8,39275,OUT,4,2025-09-29 23:59:59,2025-09-26,Forced_Waste,0.71,12.1,57.0,Organic Blueberries,4,B,-4,True
b73fd609-3,8c00f0f3,27966,OUT,4,2025-09-29 23:59:59,2025-09-26,Forced_Waste,1.43,12.1,50.0,Organic Raspberries,4,B,-4,True
0ee57ea4-8,393f19c1,24964,OUT,1,2025-09-29 23:59:59,2025-09-26,Forced_Waste,0.0,33.3,167.0,Organic Garlic,4,C,-4,True
f3d99345-5,08a43d38,45007,OUT,3,2025-09-29 23:59:59,2025-09-26,Forced_Waste,1.05,4.21,21.0,Organic Zucchini,4,A,-4,True
f8e859e8-c,5d6e391c,24964,OUT,3,2025-09-29 23:59:59,2025-09-26,Forced_Waste,0.0,33.3,167.0,Organic Garlic,4,C,-4,True
8510ab88-9,2648414d,37646,OUT,3,2025-09-29 23:59:59,2025-09-26,Forced_Waste,0.32,14.3,52.0,Organic Gala Apples,4,B,-4,True
f2db77a2-5,6a10722f,44359,OUT,4,2025-09-29 23:59:59,2025-09-26,Forced_Waste,7.43,76.25,392.0,Organic Small Bunch Celery,4,D,-4,True
8a11f966-e,d4026874,24852,OUT,4,2025-09-29 23:59:59,2025-09-26,Forced_Waste,12.5,40.6,312.0,Banana,4,D,-4,True
dcb2b42a-7,691dcc0f,19057,OUT,2,2025-09-29 23:59:59,2025-09-26,Forced_Waste,0.148,15.7,0.0,Organic Large Extra Fancy Fuji Apple,4,Falta Dato,-4,True
283bb42f-b,82d92dcb,13176,OUT,3,2025-09-29 23:59:59,2025-09-26,Forced_Waste,3.89,88.3,346.0,Bag of Organic Bananas,4,D,-4,True
eca8c9d2-7,673c949f,13176,IN,3,2025-09-30 10:17:00,2025-10-07,Purchase,3.89,88.3,346.0,Bag of Organic Bananas,4,D,6,False
4d34b058-2,ebf07aac,5077,IN,4,2025-09-30 10:17:00,2025-10-14,Purchase,11.6,48.8,256.0,100% Whole Wheat Bread,3,C,13,False
21586fc5-f,5338884a,30391,IN,4,2025-09-30 10:17:00,2025-10-07,Purchase,0.5,6.79,34.0,Organic Cucumber,4,A,6,False
e541f471-4,4d666093,49683,IN,1,2025-09-30 10:17:00,2025-10-07,Purchase,0.5,6.79,34.0,Cucumber Kirby,4,A,6,False
72f93c42-6,32be3dd2,30489,IN,3,2025-09-30 10:17:00,2025-10-14,Purchase,7.14,14.3,214.0,Original Hummus,20,C,13,False
2ad3a051-2,4e7c6aa3,17794,IN,2,2025-09-30 10:17:00,2025-10-07,Purchase,1.28,8.97,38.0,Carrots,4,A,6,False
e46b187d-0,0e31ae15,21137,IN,2,2025-09-30 12:05:00,2025-10-07,Purchase,0.71,9.29,36.0,Organic Strawberries,4,A,6,False
42eb510b-8,65e4373e,47766,IN,4,2025-09-30 12:05:00,2025-10-07,Purchase,1.9,7.36,427.0,Organic Avocado,4,D,6,False
b0bc1bcb-f,d78a10e0,5876,IN,3,2025-09-30 13:46:00,2025-10-07,Purchase,0.0,6.67,300.0,Organic Lemon,4,D,6,False
36cbc3b5-f,b5ec4c39,44632,IN,1,2025-09-30 13:46:00,2025-10-30,Purchase,0.0,0.0,0.0,Sparkling Water Grapefruit,7,A,29,False
0fdd9842-7,28f2e0ed,13176,IN,1,2025-09-30 13:46:00,2025-10-07,Purchase,3.89,88.3,346.0,Bag of Organic Bananas,4,D,6,False
a9883b09-3,5f3c6ee9,21903,IN,4,2025-09-30 13:46:00,2025-10-07,Purchase,2.68,3.36,23.0,Organic Baby Spinach,4,A,6,False
efd5d31c-4,4a4fd5ff,24964,IN,1,2025-09-30 13:46:00,2025-10-07,Purchase,0.0,33.3,167.0,Organic Garlic,4,C,6,False
4cf0a43a-7,ef1fbf45,21137,IN,3,2025-09-30 13:46:00,2025-10-07,Purchase,0.71,9.29,36.0,Organic Strawberries,4,A,6,False
1e82e2c9-1,2e25c37f,8277,IN,3,2025-09-30 16:32:00,2025-10-07,Purchase,0.102,14.7,0.0,Apple Honeycrisp Organic,4,Falta Dato,6,False
ba661fb1-5,4229b85a,17794,IN,1,2025-09-30 16:32:00,2025-10-07,Purchase,1.28,8.97,38.0,Carrots,4,A,6,False
083ce4e3-8,26d2a4c7,39275,OUT,1,2025-09-30 20:50:00,2025-09-27,Waste,0.71,12.1,57.0,Organic Blueberries,4,B,-4,True
269f0326-e,26d2a4c7,39275,OUT,1,2025-09-30 19:02:00,2025-09-27,Waste,0.71,12.1,57.0,Organic Blueberries,4,B,-4,True
0aabd133-9,26d2a4c7,39275,OUT,1,2025-09-30 14:58:00,2025-09-27,Waste,0.71,12.1,57.0,Organic Blueberries,4,B,-4,True
e1c3a778-b,26d2a4c7,39275,OUT,1,2025-09-30 17:55:00,2025-09-27,Waste,0.71,12.1,57.0,Organic Blueberries,4,B,-4,True
0f81b3c1-4,62283470,16797,OUT,3,2025-09-30 23:59:59,2025-09-27,Forced_Waste,0.71,9.29,36.0,Strawberries,4,A,-4,True
85dafd75-a,e5a458e2,28985,OUT,4,2025-09-30 23:59:59,2025-09-27,Forced_Waste,2.92,4.42,35.0,Michigan Organic Kale,4,A,-4,True
9a5a9c62-b,f44e43f0,40706,OUT,1,2025-09-30 23:59:59,2025-09-27,Forced_Waste,1.19,7.14,36.0,Organic Grape Tomatoes,4,A,-4,True
241f51a8-1,76bd9504,21137,OUT,1,2025-09-30 23:59:59,2025-09-27,Forced_Waste,0.71,9.29,36.0,Organic Strawberries,4,A,-4,True
cd708691-e,ff46680e,31717,OUT,2,2025-09-30 23:59:59,2025-09-27,Forced_Waste,0.0,0.0,0.0,Organic Cilantro,4,A,-4,True
b4e40740-a,499dea6a,49683,OUT,4,2025-09-30 23:59:59,2025-09-27,Forced_Waste,0.5,6.79,34.0,Cucumber Kirby,4,A,-4,True
83de0a8f-7,875cd376,16797,OUT,2,2025-09-30 23:59:59,2025-09-27,Forced_Waste,0.71,9.29,36.0,Strawberries,4,A,-4,True
2acac35f-6,6b4e043a,47766,OUT,1,2025-09-30 23:59:59,2025-09-27,Forced_Waste,1.9,7.36,427.0,Organic Avocado,4,D,-4,True
87d83f2c-2,cbf90801,22035,OUT,1,2025-09-30 23:59:59,2025-09-27,Forced_Waste,1.45,6.25,50.0,Organic Whole String Cheese,16,B,-4,True
f129b82d-a,50d7207b,40706,OUT,2,2025-09-30 23:59:59,2025-09-27,Forced_Waste,1.19,7.14,36.0,Organic Grape Tomatoes,4,A,-4,True
01ca7592-2,28479bf3,27966,OUT,2,2025-09-30 23:59:59,2025-09-27,Forced_Waste,1.43,12.1,50.0,Organic Raspberries,4,B,-4,True
d187238a-1,6b8dce69,8277,OUT,1,2025-09-30 23:59:59,2025-09-27,Forced_Waste,0.102,14.7,0.0,Apple Honeycrisp Organic,4,Falta Dato,-4,True
63917130-f,8387062b,21137,OUT,4,2025-09-30 23:59:59,2025-09-27,Forced_Waste,0.71,9.29,36.0,Organic Strawberries,4,A,-4,True
7a7dcf77-e,eb8507d0,4605,OUT,1,2025-09-30 23:59:59,2025-09-27,Forced_Waste,0.68,7.43,30.0,Yellow Onions,4,A,-4,True
c4fe7046-9,38f78a2a,30391,OUT,2,2025-09-30 23:59:59,2025-09-27,Forced_Waste,0.5,6.79,34.0,Organic Cucumber,4,A,-4,True
ec920380-7,015bf136,31717,OUT,2,2025-09-30 23:59:59,2025-09-27,Forced_Waste,0.0,0.0,0.0,Organic Cilantro,4,A,-4,True
8ddd0f84-b,b8655d66,8518,OUT,1,2025-09-30 23:59:59,2025-09-27,Forced_Waste,0.68,6.76,30.0,Organic Red Onion,4,A,-4,True
1d41741f-f,475cd6bb,4605,OUT,3,2025-09-30 23:59:59,2025-09-27,Forced_Waste,0.68,7.43,30.0,Yellow Onions,4,A,-4,True
